,path,output_classes,filename
0,rxGFP_may14/Eugene/BF_D6/pl9/Scan _MyScan_ 2019-05-20 17.51.09/C06_1.png,retina,retina_823.png
1,rxGFP_may25/Eugene/bf_d6/pl4/Scan _MyScan_ 2019-05-31 17.35.28/E09_1.png,non-retina,non-retina_43.png
2,rxGFP_june19/Eugene/bf_d6/pl4/Scan _MyScan_ 2019-06-25 14.22.18/D12_1.png,retina,retina_361.png
3,rxGFP_may14/Eugene/BF_D6/pl7/Scan _MyScan_ 2019-05-20 18.51.16/F12_1.png,non-retina,non-retina_276.png
4,rxGFP_may25/Eugene/bf_d6/pl7/Scan _MyScan_ 2019-05-31 19.30.08/F02_1.png,retina,retina_249.png
5,rxGFP_may14/Eugene/BF_D6/pl8/Scan _MyScan_ 2019-05-20 18.20.51/C04_1.png,retina,retina_765.png
6,rxGFP_may14/Eugene/BF_D6/pl4/Scan _MyScan_ 2019-05-20 22.31.55/B03_1.png,retina,retina_536.png
7,rxGFP_june19/Eugene/bf_d6/pl1/Scan _MyScan_ 2019-06-25 11.50.56/B12_1.png,non-retina,non-retina_103.png
8,rxGFP_may14/Eugene/BF_D6/pl3/Scan _MyScan_ 2019-05-20 22.54.10/B01_1.png,retina,retina_478.png
9,rxGFP_may14/Eugene/BF_D6/pl5/Scan _MyScan_ 2019-05-20 22.04.01/D12_1.png,non-retina,non-retina_242.png
10,rxGFP_may25/Eugene/bf_d6/pl1/Scan _MyScan_ 2019-05-31 14.09.29/D06_1.png,retina,retina_19.png
11,rxGFP_may25/Eugene/bf_d6/pl3/Scan _MyScan_ 2019-05-31 15.58.58/E03_1.png,retina,retina_108.png
12,rxGFP_may14/Eugene/BF_D6/pl1/Scan _MyScan_ 2019-05-20 23.42.46/G11_1.png,non-retina,non-retina_158.png
13,rxGFP_may14/Eugene/BF_D6/pl6/Scan _MyScan_ 2019-05-20 19.28.04/D11_1.png,retina,retina_667.png
14,rxGFP_may25/Eugene/bf_d6/pl5/Scan _MyScan_ 2019-05-31 18.06.38/C09_1.png,retina,retina_177.png
15,rxGFP_may14/Eugene/BF_D6/pl6/Scan _MyScan_ 2019-05-20 19.28.04/G03_1.png,retina,retina_685.png
16,rxGFP_may14/Eugene/BF_D6/pl2/Scan _MyScan_ 2019-05-20 23.20.21/E07_1.png,retina,retina_461.png
17,rxGFP_may25/Eugene/bf_d6/pl3/Scan _MyScan_ 2019-05-31 15.58.58/C04_1.png,retina,retina_95.png
18,rxGFP_may14/Eugene/BF_D6/pl7/Scan _MyScan_ 2019-05-20 18.51.16/C02_1.png,retina,retina_702.png
19,rxGFP_may25/Eugene/bf_d6/pl5/Scan _MyScan_ 2019-05-31 18.06.38/D10_1.png,retina,retina_189.png
20,rxGFP_may25/Eugene/bf_d6/pl8/Scan _MyScan_ 2019-05-31 20.37.09/A03_1.png,non-retina,non-retina_86.png
21,rxGFP_may14/Eugene/BF_D6/pl6/Scan _MyScan_ 2019-05-20 19.28.04/B07_1.png,retina,retina_648.png
22,rxGFP_may14/Eugene/BF_D6/pl7/Scan _MyScan_ 2019-05-20 18.51.16/A01_1.png,non-retina,non-retina_268.png
23,rxGFP_may14/Eugene/BF_D6/pl8/Scan _MyScan_ 2019-05-20 18.20.51/D05_1.png,retina,retina_775.png
24,rxGFP_may14/Eugene/BF_D6/pl3/Scan _MyScan_ 2019-05-20 22.54.10/C07_1.png,retina,retina_489.png
25,rxGFP_may25/Eugene/bf_d6/pl8/Scan _MyScan_ 2019-05-31 20.37.09/F06_1.png,retina,retina_296.png
26,rxGFP_may25/Eugene/bf_d6/pl1/Scan _MyScan_ 2019-05-31 14.09.29/D04_1.png,retina,retina_17.png
27,rxGFP_may14/Eugene/BF_D6/pl8/Scan _MyScan_ 2019-05-20 18.20.51/B07_1.png,retina,retina_761.png
28,rxGFP_may14/Eugene/BF_D6/pl9/Scan _MyScan_ 2019-05-20 17.51.09/H01_1.png,non-retina,non-retina_309.png
29,rxGFP_may14/Eugene/BF_D6/pl3/Scan _MyScan_ 2019-05-20 22.54.10/F06_1.png,retina,retina_513.png
30,rxGFP_may25/Eugene/bf_d6/pl9/Scan _MyScan_ 2019-05-31 21.09.46/G10_1.png,retina,retina_320.png
31,rxGFP_may14/Eugene/BF_D6/pl8/Scan _MyScan_ 2019-05-20 18.20.51/D07_1.png,retina,retina_777.png
32,rxGFP_june19/Eugene/bf_d6/pl1/Scan _MyScan_ 2019-06-25 11.50.56/G08_1.png,retina,retina_332.png
33,rxGFP_may14/Eugene/BF_D6/pl4/Scan _MyScan_ 2019-05-20 22.31.55/A08_1.png,retina,retina_533.png
34,rxGFP_june19/Eugene/bf_d6/pl3/Scan _MyScan_ 2019-06-25 13.12.29/A01_1.png,non-retina,non-retina_121.png
35,rxGFP_may14/Eugene/BF_D6/pl7/Scan _MyScan_ 2019-05-20 18.51.16/C06_1.png,retina,retina_706.png
36,rxGFP_may14/Eugene/BF_D6/pl5/Scan _MyScan_ 2019-05-20 22.04.01/C07_1.png,retina,retina_597.png
37,rxGFP_may25/Eugene/bf_d6/pl9/Scan _MyScan_ 2019-05-31 21.09.46/E12_1.png,retina,retina_317.png
38,rxGFP_june19/Eugene/bf_d6/pl7/Scan _MyScan_ 2019-06-25 16.41.15/C11_1.png,retina,retina_395.png
39,rxGFP_may14/Eugene/BF_D6/pl8/Scan _MyScan_ 2019-05-20 18.20.51/H07_1.png,non-retina,non-retina_296.png
40,rxGFP_may25/Eugene/bf_d6/pl1/Scan _MyScan_ 2019-05-31 14.09.29/E05_1.png,retina,retina_26.png
41,rxGFP_may25/Eugene/bf_d6/pl2/Scan _MyScan_ 2019-05-31 14.41.03/F07_1.png,retina,retina_80.png
42,rxGFP_may14/Eugene/BF_D6/pl8/Scan _MyScan_ 2019-05-20 18.20.51/A05_1.png,retina,retina_753.png
43,rxGFP_may14/Eugene/BF_D6/pl3/Scan _MyScan_ 2019-05-20 22.54.10/E11_1.png,non-retina,non-retina_197.png
44,rxGFP_may14/Eugene/BF_D6/pl6/Scan _MyScan_ 2019-05-20 19.28.04/A05_1.png,retina,retina_639.png
45,rxGFP_may14/Eugene/BF_D6/pl4/Scan _MyScan_ 2019-05-20 22.31.55/B06_1.png,retina,retina_539.png
46,rxGFP_may25/Eugene/bf_d6/pl2/Scan _MyScan_ 2019-05-31 14.41.03/B12_1.png,retina,retina_53.png
47,rxGFP_may14/Eugene/BF_D6/pl2/Scan _MyScan_ 2019-05-20 23.20.21/B07_1.png,retina,retina_446.png
48,rxGFP_may25/Eugene/bf_d6/pl4/Scan _MyScan_ 2019-05-31 17.35.28/A05_1.png,non-retina,non-retina_38.png
49,rxGFP_may14/Eugene/BF_D6/pl8/Scan _MyScan_ 2019-05-20 18.20.51/A08_1.png,retina,retina_755.png
50,rxGFP_may14/Eugene/BF_D6/pl2/Scan _MyScan_ 2019-05-20 23.20.21/E04_1.png,retina,retina_459.png
51,rxGFP_may25/Eugene/bf_d6/pl2/Scan _MyScan_ 2019-05-31 14.41.03/F06_1.png,retina,retina_79.png
52,rxGFP_may25/Eugene/bf_d6/pl3/Scan _MyScan_ 2019-05-31 15.58.58/A04_1.png,non-retina,non-retina_25.png
53,rxGFP_may25/Eugene/bf_d6/pl7/Scan _MyScan_ 2019-05-31 19.30.08/H02_1.png,non-retina,non-retina_83.png
54,rxGFP_may14/Eugene/BF_D6/pl4/Scan _MyScan_ 2019-05-20 22.31.55/G08_1.png,retina,retina_582.png
55,rxGFP_may14/Eugene/BF_D6/pl8/Scan _MyScan_ 2019-05-20 18.20.51/H12_1.png,non-retina,non-retina_301.png
56,rxGFP_may25/Eugene/bf_d6/pl4/Scan _MyScan_ 2019-05-31 17.35.28/G08_1.png,retina,retina_162.png
57,rxGFP_may14/Eugene/BF_D6/pl7/Scan _MyScan_ 2019-05-20 18.51.16/D06_1.png,retina,retina_716.png
58,rxGFP_may25/Eugene/bf_d6/pl8/Scan _MyScan_ 2019-05-31 20.37.09/C06_1.png,retina,retina_272.png
59,rxGFP_may25/Eugene/bf_d6/pl7/Scan _MyScan_ 2019-05-31 19.30.08/C01_1.png,non-retina,non-retina_80.png
60,rxGFP_june19/Eugene/bf_d6/pl3/Scan _MyScan_ 2019-06-25 13.12.29/A08_1.png,non-retina,non-retina_124.png
61,rxGFP_may14/Eugene/BF_D6/pl1/Scan _MyScan_ 2019-05-20 23.42.46/E08_1.png,retina,retina_427.png
62,rxGFP_june19/Eugene/bf_d6/pl7/Scan _MyScan_ 2019-06-25 16.41.15/B06_1.png,retina,retina_393.png
63,rxGFP_may25/Eugene/bf_d6/pl8/Scan _MyScan_ 2019-05-31 20.37.09/E10_1.png,retina,retina_291.png
64,rxGFP_may25/Eugene/bf_d6/pl3/Scan _MyScan_ 2019-05-31 15.58.58/F06_1.png,retina,retina_117.png
65,rxGFP_june19/Eugene/bf_d6/pl2/Scan _MyScan_ 2019-06-25 12.27.40/E07_1.png,non-retina,non-retina_112.png
66,rxGFP_may14/Eugene/BF_D6/pl7/Scan _MyScan_ 2019-05-20 18.51.16/G04_1.png,retina,retina_740.png
67,rxGFP_may25/Eugene/bf_d6/pl1/Scan _MyScan_ 2019-05-31 14.09.29/C08_1.png,retina,retina_13.png
68,rxGFP_may14/Eugene/BF_D6/pl3/Scan _MyScan_ 2019-05-20 22.54.10/G06_1.png,retina,retina_523.png
69,rxGFP_may14/Eugene/BF_D6/pl8/Scan _MyScan_ 2019-05-20 18.20.51/H01_1.png,non-retina,non-retina_293.png
70,rxGFP_may14/Eugene/BF_D6/pl6/Scan _MyScan_ 2019-05-20 19.28.04/G07_1.png,retina,retina_687.png
71,rxGFP_may14/Eugene/BF_D6/pl4/Scan _MyScan_ 2019-05-20 22.31.55/G10_1.png,retina,retina_583.png
72,rxGFP_may25/Eugene/bf_d6/pl1/Scan _MyScan_ 2019-05-31 14.09.29/C10_1.png,retina,retina_15.png
73,rxGFP_may14/Eugene/BF_D6/pl4/Scan _MyScan_ 2019-05-20 22.31.55/C07_1.png,retina,retina_549.png
74,rxGFP_may14/Eugene/BF_D6/pl5/Scan _MyScan_ 2019-05-20 22.04.01/E05_1.png,retina,retina_613.png
75,rxGFP_may14/Eugene/BF_D6/pl5/Scan _MyScan_ 2019-05-20 22.04.01/D05_1.png,retina,retina_604.png
76,rxGFP_may14/Eugene/BF_D6/pl7/Scan _MyScan_ 2019-05-20 18.51.16/E06_1.png,retina,retina_726.png
77,rxGFP_may14/Eugene/BF_D6/pl9/Scan _MyScan_ 2019-05-20 17.51.09/E08_1.png,retina,retina_846.png
78,rxGFP_may14/Eugene/BF_D6/pl1/Scan _MyScan_ 2019-05-20 23.42.46/B07_1.png,retina,retina_406.png
79,rxGFP_may14/Eugene/BF_D6/pl9/Scan _MyScan_ 2019-05-20 17.51.09/F07_1.png,retina,retina_855.png
80,rxGFP_june19/Eugene/bf_d6/pl6/Scan _MyScan_ 2019-06-25 15.19.18/F05_1.png,retina,retina_387.png
81,rxGFP_may25/Eugene/bf_d6/pl8/Scan _MyScan_ 2019-05-31 20.37.09/F05_1.png,retina,retina_295.png
82,rxGFP_may25/Eugene/bf_d6/pl4/Scan _MyScan_ 2019-05-31 17.35.28/C05_1.png,retina,retina_141.png
83,rxGFP_may25/Eugene/bf_d6/pl8/Scan _MyScan_ 2019-05-31 20.37.09/D03_1.png,retina,retina_278.png
84,rxGFP_may25/Eugene/bf_d6/pl3/Scan _MyScan_ 2019-05-31 15.58.58/F08_1.png,retina,retina_119.png
85,rxGFP_may14/Eugene/BF_D6/pl1/Scan _MyScan_ 2019-05-20 23.42.46/E10_1.png,retina,retina_428.png
86,rxGFP_may14/Eugene/BF_D6/pl5/Scan _MyScan_ 2019-05-20 22.04.01/G11_1.png,non-retina,non-retina_245.png
87,rxGFP_may14/Eugene/BF_D6/pl5/Scan _MyScan_ 2019-05-20 22.04.01/C04_1.png,retina,retina_594.png
88,rxGFP_may14/Eugene/BF_D6/pl8/Scan _MyScan_ 2019-05-20 18.20.51/H03_1.png,non-retina,non-retina_294.png
89,rxGFP_may14/Eugene/BF_D6/pl2/Scan _MyScan_ 2019-05-20 23.20.21/E10_1.png,retina,retina_463.png
90,rxGFP_may25/Eugene/bf_d6/pl4/Scan _MyScan_ 2019-05-31 17.35.28/H12_1.png,non-retina,non-retina_56.png
91,rxGFP_may14/Eugene/BF_D6/pl6/Scan _MyScan_ 2019-05-20 19.28.04/H01_1.png,non-retina,non-retina_262.png
92,rxGFP_may14/Eugene/BF_D6/pl8/Scan _MyScan_ 2019-05-20 18.20.51/F04_1.png,retina,retina_793.png
93,rxGFP_june19/Eugene/bf_d6/pl6/Scan _MyScan_ 2019-06-25 15.19.18/D08_1.png,retina,retina_381.png
94,rxGFP_may25/Eugene/bf_d6/pl5/Scan _MyScan_ 2019-05-31 18.06.38/A06_1.png,non-retina,non-retina_62.png
95,rxGFP_may14/Eugene/BF_D6/pl2/Scan _MyScan_ 2019-05-20 23.20.21/A01_1.png,non-retina,non-retina_164.png
96,rxGFP_may14/Eugene/BF_D6/pl3/Scan _MyScan_ 2019-05-20 22.54.10/H03_1.png,retina,retina_528.png
97,rxGFP_may14/Eugene/BF_D6/pl9/Scan _MyScan_ 2019-05-20 17.51.09/C01_1.png,non-retina,non-retina_307.png
98,rxGFP_may14/Eugene/BF_D6/pl8/Scan _MyScan_ 2019-05-20 18.20.51/G03_1.png,retina,retina_801.png
99,rxGFP_may25/Eugene/bf_d6/pl1/Scan _MyScan_ 2019-05-31 14.09.29/D10_1.png,retina,retina_23.png
100,rxGFP_may14/Eugene/BF_D6/pl7/Scan _MyScan_ 2019-05-20 18.51.16/B11_1.png,retina,retina_701.png
101,rxGFP_may14/Eugene/BF_D6/pl4/Scan _MyScan_ 2019-05-20 22.31.55/E03_1.png,retina,retina_562.png
102,rxGFP_may25/Eugene/bf_d6/pl7/Scan _MyScan_ 2019-05-31 19.30.08/F11_1.png,retina,retina_256.png
103,rxGFP_may25/Eugene/bf_d6/pl3/Scan _MyScan_ 2019-05-31 15.58.58/D04_1.png,retina,retina_102.png
104,rxGFP_may14/Eugene/BF_D6/pl5/Scan _MyScan_ 2019-05-20 22.04.01/E07_1.png,retina,retina_615.png
105,rxGFP_may14/Eugene/BF_D6/pl3/Scan _MyScan_ 2019-05-20 22.54.10/G07_1.png,retina,retina_524.png
106,rxGFP_may25/Eugene/bf_d6/pl5/Scan _MyScan_ 2019-05-31 18.06.38/D09_1.png,retina,retina_188.png
107,rxGFP_may14/Eugene/BF_D6/pl1/Scan _MyScan_ 2019-05-20 23.42.46/D02_1.png,retina,retina_417.png
108,rxGFP_may25/Eugene/bf_d6/pl7/Scan _MyScan_ 2019-05-31 19.30.08/D04_1.png,retina,retina_233.png
109,rxGFP_may14/Eugene/BF_D6/pl3/Scan _MyScan_ 2019-05-20 22.54.10/D04_1.png,retina,retina_496.png
110,rxGFP_may14/Eugene/BF_D6/pl9/Scan _MyScan_ 2019-05-20 17.51.09/F10_1.png,retina,retina_858.png
111,rxGFP_may14/Eugene/BF_D6/pl4/Scan _MyScan_ 2019-05-20 22.31.55/F06_1.png,retina,retina_572.png
112,rxGFP_may14/Eugene/BF_D6/pl5/Scan _MyScan_ 2019-05-20 22.04.01/F10_1.png,retina,retina_628.png
113,rxGFP_may14/Eugene/BF_D6/pl4/Scan _MyScan_ 2019-05-20 22.31.55/G01_1.png,non-retina,non-retina_219.png
114,rxGFP_may14/Eugene/BF_D6/pl9/Scan _MyScan_ 2019-05-20 17.51.09/H02_1.png,retina,retina_871.png
115,rxGFP_june19/Eugene/bf_d6/pl7/Scan _MyScan_ 2019-06-25 16.41.15/A03_1.png,non-retina,non-retina_144.png
116,rxGFP_may25/Eugene/bf_d6/pl8/Scan _MyScan_ 2019-05-31 20.37.09/A11_1.png,non-retina,non-retina_94.png
117,rxGFP_may25/Eugene/bf_d6/pl7/Scan _MyScan_ 2019-05-31 19.30.08/A06_1.png,non-retina,non-retina_72.png
118,rxGFP_may14/Eugene/BF_D6/pl8/Scan _MyScan_ 2019-05-20 18.20.51/E04_1.png,non-retina,non-retina_290.png
119,rxGFP_may25/Eugene/bf_d6/pl2/Scan _MyScan_ 2019-05-31 14.41.03/G11_1.png,retina,retina_89.png
120,rxGFP_june19/Eugene/bf_d6/pl2/Scan _MyScan_ 2019-06-25 12.27.40/C09_1.png,non-retina,non-retina_110.png
121,rxGFP_may14/Eugene/BF_D6/pl5/Scan _MyScan_ 2019-05-20 22.04.01/A11_1.png,non-retina,non-retina_236.png
122,rxGFP_may25/Eugene/bf_d6/pl1/Scan _MyScan_ 2019-05-31 14.09.29/D07_1.png,retina,retina_20.png
123,rxGFP_may14/Eugene/BF_D6/pl6/Scan _MyScan_ 2019-05-20 19.28.04/F01_1.png,non-retina,non-retina_260.png
124,rxGFP_may25/Eugene/bf_d6/pl4/Scan _MyScan_ 2019-05-31 17.35.28/A01_1.png,non-retina,non-retina_36.png
125,rxGFP_may14/Eugene/BF_D6/pl3/Scan _MyScan_ 2019-05-20 22.54.10/D10_1.png,retina,retina_502.png
126,rxGFP_may14/Eugene/BF_D6/pl5/Scan _MyScan_ 2019-05-20 22.04.01/F09_1.png,retina,retina_627.png
127,rxGFP_may14/Eugene/BF_D6/pl3/Scan _MyScan_ 2019-05-20 22.54.10/A04_1.png,retina,retina_476.png
128,rxGFP_may14/Eugene/BF_D6/pl4/Scan _MyScan_ 2019-05-20 22.31.55/D07_1.png,retina,retina_557.png
129,rxGFP_may25/Eugene/bf_d6/pl5/Scan _MyScan_ 2019-05-31 18.06.38/F08_1.png,retina,retina_207.png
130,rxGFP_may25/Eugene/bf_d6/pl3/Scan _MyScan_ 2019-05-31 15.58.58/G07_1.png,retina,retina_122.png
131,rxGFP_may25/Eugene/bf_d6/pl8/Scan _MyScan_ 2019-05-31 20.37.09/G10_1.png,retina,retina_308.png
132,rxGFP_may14/Eugene/BF_D6/pl1/Scan _MyScan_ 2019-05-20 23.42.46/B01_1.png,retina,retina_402.png
133,rxGFP_june19/Eugene/bf_d6/pl3/Scan _MyScan_ 2019-06-25 13.12.29/G12_1.png,non-retina,non-retina_130.png
134,rxGFP_june19/Eugene/bf_d6/pl6/Scan _MyScan_ 2019-06-25 15.19.18/G05_1.png,retina,retina_389.png
135,rxGFP_may14/Eugene/BF_D6/pl5/Scan _MyScan_ 2019-05-20 22.04.01/A12_1.png,non-retina,non-retina_237.png
136,rxGFP_may25/Eugene/bf_d6/pl4/Scan _MyScan_ 2019-05-31 17.35.28/H06_1.png,non-retina,non-retina_53.png
137,rxGFP_may14/Eugene/BF_D6/pl8/Scan _MyScan_ 2019-05-20 18.20.51/E03_1.png,retina,retina_784.png
138,rxGFP_may14/Eugene/BF_D6/pl4/Scan _MyScan_ 2019-05-20 22.31.55/E10_1.png,retina,retina_569.png
139,rxGFP_may14/Eugene/BF_D6/pl9/Scan _MyScan_ 2019-05-20 17.51.09/C04_1.png,retina,retina_821.png
140,rxGFP_may25/Eugene/bf_d6/pl2/Scan _MyScan_ 2019-05-31 14.41.03/F05_1.png,retina,retina_78.png
141,rxGFP_may14/Eugene/BF_D6/pl3/Scan _MyScan_ 2019-05-20 22.54.10/E12_1.png,non-retina,non-retina_198.png
142,rxGFP_may14/Eugene/BF_D6/pl2/Scan _MyScan_ 2019-05-20 23.20.21/D07_1.png,retina,retina_455.png
143,rxGFP_may25/Eugene/bf_d6/pl5/Scan _MyScan_ 2019-05-31 18.06.38/G11_1.png,retina,retina_216.png
144,rxGFP_may14/Eugene/BF_D6/pl6/Scan _MyScan_ 2019-05-20 19.28.04/B06_1.png,retina,retina_647.png
145,rxGFP_may14/Eugene/BF_D6/pl4/Scan _MyScan_ 2019-05-20 22.31.55/H11_1.png,non-retina,non-retina_229.png
146,rxGFP_may25/Eugene/bf_d6/pl1/Scan _MyScan_ 2019-05-31 14.09.29/D05_1.png,retina,retina_18.png
147,rxGFP_may14/Eugene/BF_D6/pl1/Scan _MyScan_ 2019-05-20 23.42.46/G03_1.png,retina,retina_433.png
148,rxGFP_may25/Eugene/bf_d6/pl8/Scan _MyScan_ 2019-05-31 20.37.09/E02_1.png,retina,retina_284.png
149,rxGFP_may25/Eugene/bf_d6/pl3/Scan _MyScan_ 2019-05-31 15.58.58/G03_1.png,retina,retina_120.png
150,rxGFP_may14/Eugene/BF_D6/pl9/Scan _MyScan_ 2019-05-20 17.51.09/H09_1.png,retina,retina_875.png
151,rxGFP_may14/Eugene/BF_D6/pl4/Scan _MyScan_ 2019-05-20 22.31.55/A06_1.png,retina,retina_531.png
152,rxGFP_may25/Eugene/bf_d6/pl3/Scan _MyScan_ 2019-05-31 15.58.58/A11_1.png,non-retina,non-retina_29.png
153,rxGFP_may14/Eugene/BF_D6/pl2/Scan _MyScan_ 2019-05-20 23.20.21/B12_1.png,non-retina,non-retina_175.png
154,rxGFP_may14/Eugene/BF_D6/pl4/Scan _MyScan_ 2019-05-20 22.31.55/G12_1.png,retina,retina_585.png
155,rxGFP_may14/Eugene/BF_D6/pl9/Scan _MyScan_ 2019-05-20 17.51.09/B11_1.png,retina,retina_818.png
156,rxGFP_may14/Eugene/BF_D6/pl8/Scan _MyScan_ 2019-05-20 18.20.51/H11_1.png,non-retina,non-retina_300.png
157,rxGFP_may25/Eugene/bf_d6/pl8/Scan _MyScan_ 2019-05-31 20.37.09/D02_1.png,retina,retina_277.png
158,rxGFP_may14/Eugene/BF_D6/pl8/Scan _MyScan_ 2019-05-20 18.20.51/H09_1.png,non-retina,non-retina_298.png
159,rxGFP_may25/Eugene/bf_d6/pl7/Scan _MyScan_ 2019-05-31 19.30.08/B10_1.png,retina,retina_222.png
160,rxGFP_may25/Eugene/bf_d6/pl5/Scan _MyScan_ 2019-05-31 18.06.38/F02_1.png,retina,retina_201.png
161,rxGFP_may14/Eugene/BF_D6/pl2/Scan _MyScan_ 2019-05-20 23.20.21/H04_1.png,non-retina,non-retina_186.png
162,rxGFP_may14/Eugene/BF_D6/pl5/Scan _MyScan_ 2019-05-20 22.04.01/E09_1.png,retina,retina_617.png
163,rxGFP_may25/Eugene/bf_d6/pl7/Scan _MyScan_ 2019-05-31 19.30.08/G02_1.png,retina,retina_259.png
164,rxGFP_may14/Eugene/BF_D6/pl5/Scan _MyScan_ 2019-05-20 22.04.01/B02_1.png,retina,retina_586.png
165,rxGFP_may14/Eugene/BF_D6/pl5/Scan _MyScan_ 2019-05-20 22.04.01/H10_1.png,non-retina,non-retina_252.png
166,rxGFP_may25/Eugene/bf_d6/pl3/Scan _MyScan_ 2019-05-31 15.58.58/C07_1.png,retina,retina_97.png
167,rxGFP_may25/Eugene/bf_d6/pl3/Scan _MyScan_ 2019-05-31 15.58.58/G08_1.png,retina,retina_123.png
168,rxGFP_june19/Eugene/bf_d6/pl3/Scan _MyScan_ 2019-06-25 13.12.29/E01_1.png,retina,retina_348.png
169,rxGFP_may14/Eugene/BF_D6/pl8/Scan _MyScan_ 2019-05-20 18.20.51/F07_1.png,retina,retina_796.png
170,rxGFP_may14/Eugene/BF_D6/pl6/Scan _MyScan_ 2019-05-20 19.28.04/B02_1.png,retina,retina_644.png
171,rxGFP_may25/Eugene/bf_d6/pl7/Scan _MyScan_ 2019-05-31 19.30.08/E09_1.png,retina,retina_247.png
172,rxGFP_may14/Eugene/BF_D6/pl2/Scan _MyScan_ 2019-05-20 23.20.21/A03_1.png,non-retina,non-retina_166.png
173,rxGFP_may25/Eugene/bf_d6/pl5/Scan _MyScan_ 2019-05-31 18.06.38/A04_1.png,non-retina,non-retina_60.png
174,rxGFP_may25/Eugene/bf_d6/pl4/Scan _MyScan_ 2019-05-31 17.35.28/C03_1.png,retina,retina_139.png
175,rxGFP_may25/Eugene/bf_d6/pl1/Scan _MyScan_ 2019-05-31 14.09.29/G03_1.png,retina,retina_41.png
176,rxGFP_may14/Eugene/BF_D6/pl6/Scan _MyScan_ 2019-05-20 19.28.04/E08_1.png,retina,retina_673.png
177,rxGFP_june19/Eugene/bf_d6/pl1/Scan _MyScan_ 2019-06-25 11.50.56/F12_1.png,non-retina,non-retina_104.png
178,rxGFP_may14/Eugene/BF_D6/pl3/Scan _MyScan_ 2019-05-20 22.54.10/D05_1.png,retina,retina_497.png
179,rxGFP_may14/Eugene/BF_D6/pl9/Scan _MyScan_ 2019-05-20 17.51.09/G09_1.png,retina,retina_867.png
180,rxGFP_may14/Eugene/BF_D6/pl5/Scan _MyScan_ 2019-05-20 22.04.01/F01_1.png,non-retina,non-retina_243.png
181,rxGFP_may14/Eugene/BF_D6/pl6/Scan _MyScan_ 2019-05-20 19.28.04/D06_1.png,retina,retina_663.png
182,rxGFP_may25/Eugene/bf_d6/pl4/Scan _MyScan_ 2019-05-31 17.35.28/E01_1.png,non-retina,non-retina_42.png
183,rxGFP_may25/Eugene/bf_d6/pl2/Scan _MyScan_ 2019-05-31 14.41.03/B11_1.png,retina,retina_52.png
184,rxGFP_may14/Eugene/BF_D6/pl5/Scan _MyScan_ 2019-05-20 22.04.01/B06_1.png,retina,retina_589.png
185,rxGFP_may14/Eugene/BF_D6/pl8/Scan _MyScan_ 2019-05-20 18.20.51/A01_1.png,non-retina,non-retina_285.png
186,rxGFP_june19/Eugene/bf_d6/pl6/Scan _MyScan_ 2019-06-25 15.19.18/D12_1.png,non-retina,non-retina_140.png
187,rxGFP_may14/Eugene/BF_D6/pl4/Scan _MyScan_ 2019-05-20 22.31.55/D02_1.png,retina,retina_553.png
188,rxGFP_may25/Eugene/bf_d6/pl4/Scan _MyScan_ 2019-05-31 17.35.28/G06_1.png,retina,retina_161.png
189,rxGFP_june19/Eugene/bf_d6/pl5/Scan _MyScan_ 2019-06-25 14.52.10/C04_1.png,retina,retina_373.png
190,rxGFP_may25/Eugene/bf_d6/pl3/Scan _MyScan_ 2019-05-31 15.58.58/B09_1.png,retina,retina_93.png
191,rxGFP_may14/Eugene/BF_D6/pl9/Scan _MyScan_ 2019-05-20 17.51.09/G05_1.png,retina,retina_863.png
192,rxGFP_may25/Eugene/bf_d6/pl8/Scan _MyScan_ 2019-05-31 20.37.09/B06_1.png,retina,retina_267.png
193,rxGFP_may14/Eugene/BF_D6/pl7/Scan _MyScan_ 2019-05-20 18.51.16/E04_1.png,retina,retina_724.png
194,rxGFP_may25/Eugene/bf_d6/pl1/Scan _MyScan_ 2019-05-31 14.09.29/A10_1.png,retina,retina_2.png
195,rxGFP_may14/Eugene/BF_D6/pl8/Scan _MyScan_ 2019-05-20 18.20.51/B04_1.png,retina,retina_758.png
196,rxGFP_june19/Eugene/bf_d6/pl2/Scan _MyScan_ 2019-06-25 12.27.40/A12_1.png,non-retina,non-retina_106.png
197,rxGFP_may25/Eugene/bf_d6/pl4/Scan _MyScan_ 2019-05-31 17.35.28/C06_1.png,retina,retina_142.png
198,rxGFP_may14/Eugene/BF_D6/pl2/Scan _MyScan_ 2019-05-20 23.20.21/G04_1.png,retina,retina_471.png
199,rxGFP_may14/Eugene/BF_D6/pl1/Scan _MyScan_ 2019-05-20 23.42.46/F10_1.png,retina,retina_431.png
200,rxGFP_may14/Eugene/BF_D6/pl4/Scan _MyScan_ 2019-05-20 22.31.55/G03_1.png,retina,retina_578.png
201,rxGFP_may25/Eugene/bf_d6/pl1/Scan _MyScan_ 2019-05-31 14.09.29/C05_1.png,retina,retina_10.png
202,rxGFP_may14/Eugene/BF_D6/pl1/Scan _MyScan_ 2019-05-20 23.42.46/D10_1.png,retina,retina_422.png
203,rxGFP_may14/Eugene/BF_D6/pl4/Scan _MyScan_ 2019-05-20 22.31.55/C06_1.png,retina,retina_548.png
204,rxGFP_june19/Eugene/bf_d6/pl7/Scan _MyScan_ 2019-06-25 16.41.15/C01_1.png,retina,retina_394.png
205,rxGFP_may14/Eugene/BF_D6/pl3/Scan _MyScan_ 2019-05-20 22.54.10/E04_1.png,retina,retina_505.png
206,rxGFP_may14/Eugene/BF_D6/pl6/Scan _MyScan_ 2019-05-20 19.28.04/G04_1.png,retina,retina_686.png
207,rxGFP_may25/Eugene/bf_d6/pl2/Scan _MyScan_ 2019-05-31 14.41.03/C04_1.png,retina,retina_55.png
208,rxGFP_may14/Eugene/BF_D6/pl3/Scan _MyScan_ 2019-05-20 22.54.10/F08_1.png,retina,retina_515.png
209,rxGFP_may14/Eugene/BF_D6/pl6/Scan _MyScan_ 2019-05-20 19.28.04/F03_1.png,retina,retina_678.png
210,rxGFP_may25/Eugene/bf_d6/pl1/Scan _MyScan_ 2019-05-31 14.09.29/F07_1.png,retina,retina_38.png
211,rxGFP_may14/Eugene/BF_D6/pl5/Scan _MyScan_ 2019-05-20 22.04.01/F05_1.png,retina,retina_623.png
212,rxGFP_may14/Eugene/BF_D6/pl9/Scan _MyScan_ 2019-05-20 17.51.09/A01_1.png,non-retina,non-retina_302.png
213,rxGFP_may25/Eugene/bf_d6/pl8/Scan _MyScan_ 2019-05-31 20.37.09/G04_1.png,retina,retina_302.png
214,rxGFP_june19/Eugene/bf_d6/pl1/Scan _MyScan_ 2019-06-25 11.50.56/B03_1.png,retina,retina_322.png
215,rxGFP_may14/Eugene/BF_D6/pl2/Scan _MyScan_ 2019-05-20 23.20.21/E05_1.png,retina,retina_460.png
216,rxGFP_may14/Eugene/BF_D6/pl5/Scan _MyScan_ 2019-05-20 22.04.01/E12_1.png,retina,retina_620.png
217,rxGFP_may14/Eugene/BF_D6/pl4/Scan _MyScan_ 2019-05-20 22.31.55/C08_1.png,retina,retina_550.png
218,rxGFP_may25/Eugene/bf_d6/pl5/Scan _MyScan_ 2019-05-31 18.06.38/E04_1.png,retina,retina_194.png
219,rxGFP_may14/Eugene/BF_D6/pl9/Scan _MyScan_ 2019-05-20 17.51.09/B07_1.png,retina,retina_814.png
220,rxGFP_may14/Eugene/BF_D6/pl7/Scan _MyScan_ 2019-05-20 18.51.16/E07_1.png,retina,retina_727.png
221,rxGFP_may25/Eugene/bf_d6/pl4/Scan _MyScan_ 2019-05-31 17.35.28/D05_1.png,retina,retina_148.png
222,rxGFP_may14/Eugene/BF_D6/pl9/Scan _MyScan_ 2019-05-20 17.51.09/E05_1.png,retina,retina_843.png
223,rxGFP_may14/Eugene/BF_D6/pl4/Scan _MyScan_ 2019-05-20 22.31.55/H01_1.png,non-retina,non-retina_220.png
224,rxGFP_june19/Eugene/bf_d6/pl4/Scan _MyScan_ 2019-06-25 14.22.18/D05_1.png,retina,retina_359.png
225,rxGFP_june19/Eugene/bf_d6/pl4/Scan _MyScan_ 2019-06-25 14.22.18/G03_1.png,retina,retina_368.png
226,rxGFP_june19/Eugene/bf_d6/pl3/Scan _MyScan_ 2019-06-25 13.12.29/G02_1.png,non-retina,non-retina_128.png
227,rxGFP_may14/Eugene/BF_D6/pl9/Scan _MyScan_ 2019-05-20 17.51.09/E06_1.png,retina,retina_844.png
228,rxGFP_may14/Eugene/BF_D6/pl7/Scan _MyScan_ 2019-05-20 18.51.16/F08_1.png,retina,retina_736.png
229,rxGFP_may25/Eugene/bf_d6/pl5/Scan _MyScan_ 2019-05-31 18.06.38/B11_1.png,retina,retina_170.png
230,rxGFP_may14/Eugene/BF_D6/pl6/Scan _MyScan_ 2019-05-20 19.28.04/B08_1.png,retina,retina_649.png
231,rxGFP_may25/Eugene/bf_d6/pl8/Scan _MyScan_ 2019-05-31 20.37.09/A08_1.png,non-retina,non-retina_91.png
232,rxGFP_may14/Eugene/BF_D6/pl6/Scan _MyScan_ 2019-05-20 19.28.04/D07_1.png,retina,retina_664.png
233,rxGFP_may14/Eugene/BF_D6/pl4/Scan _MyScan_ 2019-05-20 22.31.55/H08_1.png,non-retina,non-retina_227.png
234,rxGFP_may25/Eugene/bf_d6/pl7/Scan _MyScan_ 2019-05-31 19.30.08/B09_1.png,retina,retina_221.png
235,rxGFP_june19/Eugene/bf_d6/pl3/Scan _MyScan_ 2019-06-25 13.12.29/D02_1.png,non-retina,non-retina_126.png
236,rxGFP_june19/Eugene/bf_d6/pl7/Scan _MyScan_ 2019-06-25 16.41.15/E09_1.png,retina,retina_398.png
237,rxGFP_may25/Eugene/bf_d6/pl2/Scan _MyScan_ 2019-05-31 14.41.03/C03_1.png,retina,retina_54.png
238,rxGFP_june19/Eugene/bf_d6/pl3/Scan _MyScan_ 2019-06-25 13.12.29/A09_1.png,non-retina,non-retina_125.png
239,rxGFP_may14/Eugene/BF_D6/pl5/Scan _MyScan_ 2019-05-20 22.04.01/A01_1.png,non-retina,non-retina_231.png
240,rxGFP_may25/Eugene/bf_d6/pl8/Scan _MyScan_ 2019-05-31 20.37.09/D07_1.png,retina,retina_281.png
241,rxGFP_may25/Eugene/bf_d6/pl8/Scan _MyScan_ 2019-05-31 20.37.09/C09_1.png,retina,retina_274.png
242,rxGFP_may25/Eugene/bf_d6/pl7/Scan _MyScan_ 2019-05-31 19.30.08/D01_1.png,non-retina,non-retina_81.png
243,rxGFP_june19/Eugene/bf_d6/pl1/Scan _MyScan_ 2019-06-25 11.50.56/B09_1.png,retina,retina_323.png
244,rxGFP_may25/Eugene/bf_d6/pl2/Scan _MyScan_ 2019-05-31 14.41.03/C01_1.png,non-retina,non-retina_15.png
245,rxGFP_may14/Eugene/BF_D6/pl3/Scan _MyScan_ 2019-05-20 22.54.10/E08_1.png,retina,retina_508.png
246,rxGFP_may25/Eugene/bf_d6/pl8/Scan _MyScan_ 2019-05-31 20.37.09/G07_1.png,retina,retina_305.png
247,rxGFP_may25/Eugene/bf_d6/pl3/Scan _MyScan_ 2019-05-31 15.58.58/H01_1.png,non-retina,non-retina_35.png
248,rxGFP_may14/Eugene/BF_D6/pl3/Scan _MyScan_ 2019-05-20 22.54.10/H11_1.png,non-retina,non-retina_210.png
249,rxGFP_june19/Eugene/bf_d6/pl3/Scan _MyScan_ 2019-06-25 13.12.29/F12_1.png,retina,retina_351.png
250,rxGFP_may14/Eugene/BF_D6/pl7/Scan _MyScan_ 2019-05-20 18.51.16/G08_1.png,retina,retina_744.png
251,rxGFP_may14/Eugene/BF_D6/pl7/Scan _MyScan_ 2019-05-20 18.51.16/B07_1.png,retina,retina_698.png
252,rxGFP_may14/Eugene/BF_D6/pl8/Scan _MyScan_ 2019-05-20 18.20.51/E07_1.png,retina,retina_786.png
253,rxGFP_may25/Eugene/bf_d6/pl7/Scan _MyScan_ 2019-05-31 19.30.08/E11_1.png,retina,retina_248.png
254,rxGFP_may25/Eugene/bf_d6/pl1/Scan _MyScan_ 2019-05-31 14.09.29/B08_1.png,retina,retina_4.png
255,rxGFP_may14/Eugene/BF_D6/pl7/Scan _MyScan_ 2019-05-20 18.51.16/C09_1.png,retina,retina_709.png
256,rxGFP_may14/Eugene/BF_D6/pl6/Scan _MyScan_ 2019-05-20 19.28.04/C04_1.png,retina,retina_655.png
257,rxGFP_may14/Eugene/BF_D6/pl5/Scan _MyScan_ 2019-05-20 22.04.01/G06_1.png,retina,retina_634.png
258,rxGFP_may14/Eugene/BF_D6/pl2/Scan _MyScan_ 2019-05-20 23.20.21/A08_1.png,non-retina,non-retina_169.png
259,rxGFP_may14/Eugene/BF_D6/pl6/Scan _MyScan_ 2019-05-20 19.28.04/B11_1.png,retina,retina_652.png
260,rxGFP_june19/Eugene/bf_d6/pl3/Scan _MyScan_ 2019-06-25 13.12.29/C02_1.png,retina,retina_343.png
261,rxGFP_may14/Eugene/BF_D6/pl7/Scan _MyScan_ 2019-05-20 18.51.16/E02_1.png,retina,retina_722.png
262,rxGFP_may14/Eugene/BF_D6/pl8/Scan _MyScan_ 2019-05-20 18.20.51/C07_1.png,retina,retina_768.png
263,rxGFP_may14/Eugene/BF_D6/pl1/Scan _MyScan_ 2019-05-20 23.42.46/H04_1.png,retina,retina_439.png
264,rxGFP_may25/Eugene/bf_d6/pl4/Scan _MyScan_ 2019-05-31 17.35.28/D07_1.png,retina,retina_150.png
265,rxGFP_may14/Eugene/BF_D6/pl9/Scan _MyScan_ 2019-05-20 17.51.09/H08_1.png,retina,retina_874.png
266,rxGFP_may25/Eugene/bf_d6/pl2/Scan _MyScan_ 2019-05-31 14.41.03/D08_1.png,retina,retina_66.png
267,rxGFP_may25/Eugene/bf_d6/pl2/Scan _MyScan_ 2019-05-31 14.41.03/D03_1.png,retina,retina_62.png
268,rxGFP_may25/Eugene/bf_d6/pl3/Scan _MyScan_ 2019-05-31 15.58.58/E08_1.png,retina,retina_112.png
269,rxGFP_may14/Eugene/BF_D6/pl1/Scan _MyScan_ 2019-05-20 23.42.46/H12_1.png,non-retina,non-retina_163.png
270,rxGFP_may14/Eugene/BF_D6/pl9/Scan _MyScan_ 2019-05-20 17.51.09/E11_1.png,retina,retina_849.png
271,rxGFP_may14/Eugene/BF_D6/pl5/Scan _MyScan_ 2019-05-20 22.04.01/G01_1.png,non-retina,non-retina_244.png
272,rxGFP_may25/Eugene/bf_d6/pl4/Scan _MyScan_ 2019-05-31 17.35.28/C04_1.png,retina,retina_140.png
273,rxGFP_may14/Eugene/BF_D6/pl7/Scan _MyScan_ 2019-05-20 18.51.16/C01_1.png,non-retina,non-retina_272.png
274,rxGFP_may25/Eugene/bf_d6/pl7/Scan _MyScan_ 2019-05-31 19.30.08/C04_1.png,retina,retina_226.png
275,rxGFP_may25/Eugene/bf_d6/pl3/Scan _MyScan_ 2019-05-31 15.58.58/E07_1.png,retina,retina_111.png
276,rxGFP_may14/Eugene/BF_D6/pl3/Scan _MyScan_ 2019-05-20 22.54.10/A12_1.png,non-retina,non-retina_194.png
277,rxGFP_may14/Eugene/BF_D6/pl4/Scan _MyScan_ 2019-05-20 22.31.55/F12_1.png,retina,retina_577.png
278,rxGFP_may14/Eugene/BF_D6/pl6/Scan _MyScan_ 2019-05-20 19.28.04/B09_1.png,retina,retina_650.png
279,rxGFP_may25/Eugene/bf_d6/pl2/Scan _MyScan_ 2019-05-31 14.41.03/H09_1.png,non-retina,non-retina_20.png
280,rxGFP_may14/Eugene/BF_D6/pl7/Scan _MyScan_ 2019-05-20 18.51.16/H09_1.png,retina,retina_750.png
281,rxGFP_may14/Eugene/BF_D6/pl7/Scan _MyScan_ 2019-05-20 18.51.16/F09_1.png,non-retina,non-retina_275.png
282,rxGFP_may14/Eugene/BF_D6/pl3/Scan _MyScan_ 2019-05-20 22.54.10/F09_1.png,retina,retina_516.png
283,rxGFP_may14/Eugene/BF_D6/pl2/Scan _MyScan_ 2019-05-20 23.20.21/A12_1.png,non-retina,non-retina_171.png
284,rxGFP_may14/Eugene/BF_D6/pl1/Scan _MyScan_ 2019-05-20 23.42.46/G07_1.png,retina,retina_435.png
285,rxGFP_may14/Eugene/BF_D6/pl3/Scan _MyScan_ 2019-05-20 22.54.10/E01_1.png,non-retina,non-retina_196.png
286,rxGFP_may25/Eugene/bf_d6/pl2/Scan _MyScan_ 2019-05-31 14.41.03/C06_1.png,retina,retina_57.png
287,rxGFP_june19/Eugene/bf_d6/pl6/Scan _MyScan_ 2019-06-25 15.19.18/G01_1.png,retina,retina_388.png
288,rxGFP_may25/Eugene/bf_d6/pl4/Scan _MyScan_ 2019-05-31 17.35.28/E08_1.png,retina,retina_157.png
289,rxGFP_may25/Eugene/bf_d6/pl3/Scan _MyScan_ 2019-05-31 15.58.58/D07_1.png,retina,retina_104.png
290,rxGFP_june19/Eugene/bf_d6/pl3/Scan _MyScan_ 2019-06-25 13.12.29/D10_1.png,retina,retina_346.png
291,rxGFP_may14/Eugene/BF_D6/pl3/Scan _MyScan_ 2019-05-20 22.54.10/G08_1.png,retina,retina_525.png
292,rxGFP_may14/Eugene/BF_D6/pl2/Scan _MyScan_ 2019-05-20 23.20.21/A02_1.png,non-retina,non-retina_165.png
293,rxGFP_may14/Eugene/BF_D6/pl5/Scan _MyScan_ 2019-05-20 22.04.01/B05_1.png,retina,retina_588.png
294,rxGFP_june19/Eugene/bf_d6/pl2/Scan _MyScan_ 2019-06-25 12.27.40/G12_1.png,non-retina,non-retina_117.png
295,rxGFP_may25/Eugene/bf_d6/pl7/Scan _MyScan_ 2019-05-31 19.30.08/D12_1.png,retina,retina_240.png
296,rxGFP_may14/Eugene/BF_D6/pl4/Scan _MyScan_ 2019-05-20 22.31.55/C04_1.png,retina,retina_546.png
297,rxGFP_may14/Eugene/BF_D6/pl8/Scan _MyScan_ 2019-05-20 18.20.51/C05_1.png,retina,retina_766.png
298,rxGFP_june19/Eugene/bf_d6/pl5/Scan _MyScan_ 2019-06-25 14.52.10/A02_1.png,retina,retina_371.png
299,rxGFP_may14/Eugene/BF_D6/pl1/Scan _MyScan_ 2019-05-20 23.42.46/A07_1.png,non-retina,non-retina_151.png
300,rxGFP_june19/Eugene/bf_d6/pl4/Scan _MyScan_ 2019-06-25 14.22.18/D10_1.png,retina,retina_360.png
301,rxGFP_may25/Eugene/bf_d6/pl1/Scan _MyScan_ 2019-05-31 14.09.29/A02_1.png,non-retina,non-retina_1.png
302,rxGFP_may14/Eugene/BF_D6/pl1/Scan _MyScan_ 2019-05-20 23.42.46/A08_1.png,non-retina,non-retina_152.png
303,rxGFP_may14/Eugene/BF_D6/pl8/Scan _MyScan_ 2019-05-20 18.20.51/E01_1.png,non-retina,non-retina_289.png
304,rxGFP_may14/Eugene/BF_D6/pl5/Scan _MyScan_ 2019-05-20 22.04.01/D10_1.png,retina,retina_609.png
305,rxGFP_may14/Eugene/BF_D6/pl4/Scan _MyScan_ 2019-05-20 22.31.55/F01_1.png,non-retina,non-retina_218.png
306,rxGFP_june19/Eugene/bf_d6/pl1/Scan _MyScan_ 2019-06-25 11.50.56/F07_1.png,retina,retina_331.png
307,rxGFP_may14/Eugene/BF_D6/pl1/Scan _MyScan_ 2019-05-20 23.42.46/B05_1.png,retina,retina_405.png
308,rxGFP_may14/Eugene/BF_D6/pl1/Scan _MyScan_ 2019-05-20 23.42.46/B03_1.png,retina,retina_403.png
309,rxGFP_may14/Eugene/BF_D6/pl7/Scan _MyScan_ 2019-05-20 18.51.16/H01_1.png,non-retina,non-retina_278.png
310,rxGFP_may14/Eugene/BF_D6/pl6/Scan _MyScan_ 2019-05-20 19.28.04/A11_1.png,retina,retina_643.png
311,rxGFP_may14/Eugene/BF_D6/pl1/Scan _MyScan_ 2019-05-20 23.42.46/A12_1.png,retina,retina_401.png
312,rxGFP_may14/Eugene/BF_D6/pl1/Scan _MyScan_ 2019-05-20 23.42.46/H11_1.png,non-retina,non-retina_162.png
313,rxGFP_may14/Eugene/BF_D6/pl2/Scan _MyScan_ 2019-05-20 23.20.21/F10_1.png,retina,retina_468.png
314,rxGFP_may25/Eugene/bf_d6/pl3/Scan _MyScan_ 2019-05-31 15.58.58/C10_1.png,retina,retina_99.png
315,rxGFP_june19/Eugene/bf_d6/pl5/Scan _MyScan_ 2019-06-25 14.52.10/C07_1.png,non-retina,non-retina_135.png
316,rxGFP_may25/Eugene/bf_d6/pl5/Scan _MyScan_ 2019-05-31 18.06.38/C03_1.png,retina,retina_173.png
317,rxGFP_may14/Eugene/BF_D6/pl9/Scan _MyScan_ 2019-05-20 17.51.09/C11_1.png,retina,retina_828.png
318,rxGFP_may14/Eugene/BF_D6/pl8/Scan _MyScan_ 2019-05-20 18.20.51/D04_1.png,retina,retina_774.png
319,rxGFP_may14/Eugene/BF_D6/pl5/Scan _MyScan_ 2019-05-20 22.04.01/H06_1.png,non-retina,non-retina_250.png
320,rxGFP_may14/Eugene/BF_D6/pl6/Scan _MyScan_ 2019-05-20 19.28.04/H06_1.png,non-retina,non-retina_264.png
321,rxGFP_may14/Eugene/BF_D6/pl9/Scan _MyScan_ 2019-05-20 17.51.09/F11_1.png,retina,retina_859.png
322,rxGFP_may14/Eugene/BF_D6/pl9/Scan _MyScan_ 2019-05-20 17.51.09/D03_1.png,retina,retina_830.png
323,rxGFP_may25/Eugene/bf_d6/pl5/Scan _MyScan_ 2019-05-31 18.06.38/G07_1.png,retina,retina_212.png
324,rxGFP_may14/Eugene/BF_D6/pl3/Scan _MyScan_ 2019-05-20 22.54.10/B11_1.png,retina,retina_486.png
325,rxGFP_may25/Eugene/bf_d6/pl1/Scan _MyScan_ 2019-05-31 14.09.29/D01_1.png,non-retina,non-retina_4.png
326,rxGFP_may14/Eugene/BF_D6/pl3/Scan _MyScan_ 2019-05-20 22.54.10/D01_1.png,retina,retina_493.png
327,rxGFP_may25/Eugene/bf_d6/pl2/Scan _MyScan_ 2019-05-31 14.41.03/F01_1.png,non-retina,non-retina_16.png
328,rxGFP_may14/Eugene/BF_D6/pl5/Scan _MyScan_ 2019-05-20 22.04.01/H08_1.png,retina,retina_636.png
329,rxGFP_may25/Eugene/bf_d6/pl5/Scan _MyScan_ 2019-05-31 18.06.38/C07_1.png,retina,retina_175.png
330,rxGFP_may25/Eugene/bf_d6/pl5/Scan _MyScan_ 2019-05-31 18.06.38/E05_1.png,retina,retina_195.png
331,rxGFP_may14/Eugene/BF_D6/pl7/Scan _MyScan_ 2019-05-20 18.51.16/D09_1.png,retina,retina_719.png
332,rxGFP_may25/Eugene/bf_d6/pl7/Scan _MyScan_ 2019-05-31 19.30.08/A07_1.png,non-retina,non-retina_73.png
333,rxGFP_may14/Eugene/BF_D6/pl5/Scan _MyScan_ 2019-05-20 22.04.01/F02_1.png,retina,retina_621.png
334,rxGFP_may25/Eugene/bf_d6/pl3/Scan _MyScan_ 2019-05-31 15.58.58/F07_1.png,retina,retina_118.png
335,rxGFP_may14/Eugene/BF_D6/pl2/Scan _MyScan_ 2019-05-20 23.20.21/D08_1.png,retina,retina_456.png
336,rxGFP_may25/Eugene/bf_d6/pl7/Scan _MyScan_ 2019-05-31 19.30.08/H01_1.png,non-retina,non-retina_82.png
337,rxGFP_may25/Eugene/bf_d6/pl5/Scan _MyScan_ 2019-05-31 18.06.38/D02_1.png,retina,retina_181.png
338,rxGFP_may25/Eugene/bf_d6/pl7/Scan _MyScan_ 2019-05-31 19.30.08/F05_1.png,retina,retina_252.png
339,rxGFP_may14/Eugene/BF_D6/pl9/Scan _MyScan_ 2019-05-20 17.51.09/C10_1.png,retina,retina_827.png
340,rxGFP_may25/Eugene/bf_d6/pl1/Scan _MyScan_ 2019-05-31 14.09.29/G04_1.png,retina,retina_42.png
341,rxGFP_may14/Eugene/BF_D6/pl5/Scan _MyScan_ 2019-05-20 22.04.01/H11_1.png,non-retina,non-retina_253.png
342,rxGFP_may14/Eugene/BF_D6/pl8/Scan _MyScan_ 2019-05-20 18.20.51/E05_1.png,retina,retina_785.png
343,rxGFP_may14/Eugene/BF_D6/pl6/Scan _MyScan_ 2019-05-20 19.28.04/E07_1.png,retina,retina_672.png
344,rxGFP_may14/Eugene/BF_D6/pl6/Scan _MyScan_ 2019-05-20 19.28.04/C02_1.png,retina,retina_653.png
345,rxGFP_may25/Eugene/bf_d6/pl3/Scan _MyScan_ 2019-05-31 15.58.58/G05_1.png,retina,retina_121.png
346,rxGFP_may14/Eugene/BF_D6/pl9/Scan _MyScan_ 2019-05-20 17.51.09/B06_1.png,retina,retina_813.png
347,rxGFP_may25/Eugene/bf_d6/pl5/Scan _MyScan_ 2019-05-31 18.06.38/C04_1.png,retina,retina_174.png
348,rxGFP_may14/Eugene/BF_D6/pl3/Scan _MyScan_ 2019-05-20 22.54.10/F11_1.png,retina,retina_518.png
349,rxGFP_may14/Eugene/BF_D6/pl9/Scan _MyScan_ 2019-05-20 17.51.09/E03_1.png,retina,retina_841.png
350,rxGFP_may14/Eugene/BF_D6/pl7/Scan _MyScan_ 2019-05-20 18.51.16/G03_1.png,retina,retina_739.png
351,rxGFP_may14/Eugene/BF_D6/pl1/Scan _MyScan_ 2019-05-20 23.42.46/D09_1.png,retina,retina_421.png
352,rxGFP_may25/Eugene/bf_d6/pl5/Scan _MyScan_ 2019-05-31 18.06.38/C01_1.png,retina,retina_172.png
353,rxGFP_may14/Eugene/BF_D6/pl3/Scan _MyScan_ 2019-05-20 22.54.10/H09_1.png,non-retina,non-retina_208.png
354,rxGFP_may14/Eugene/BF_D6/pl4/Scan _MyScan_ 2019-05-20 22.31.55/E04_1.png,retina,retina_563.png
355,rxGFP_may14/Eugene/BF_D6/pl9/Scan _MyScan_ 2019-05-20 17.51.09/F02_1.png,retina,retina_850.png
356,rxGFP_may14/Eugene/BF_D6/pl9/Scan _MyScan_ 2019-05-20 17.51.09/B02_1.png,retina,retina_809.png
357,rxGFP_may25/Eugene/bf_d6/pl7/Scan _MyScan_ 2019-05-31 19.30.08/G07_1.png,retina,retina_261.png
358,rxGFP_may14/Eugene/BF_D6/pl2/Scan _MyScan_ 2019-05-20 23.20.21/D12_1.png,non-retina,non-retina_178.png
359,rxGFP_may25/Eugene/bf_d6/pl2/Scan _MyScan_ 2019-05-31 14.41.03/C10_1.png,retina,retina_61.png
360,rxGFP_may14/Eugene/BF_D6/pl6/Scan _MyScan_ 2019-05-20 19.28.04/F09_1.png,retina,retina_684.png
361,rxGFP_may25/Eugene/bf_d6/pl7/Scan _MyScan_ 2019-05-31 19.30.08/F09_1.png,retina,retina_255.png
362,rxGFP_may14/Eugene/BF_D6/pl2/Scan _MyScan_ 2019-05-20 23.20.21/A07_1.png,non-retina,non-retina_168.png
363,rxGFP_may14/Eugene/BF_D6/pl2/Scan _MyScan_ 2019-05-20 23.20.21/A06_1.png,non-retina,non-retina_167.png
364,rxGFP_may25/Eugene/bf_d6/pl2/Scan _MyScan_ 2019-05-31 14.41.03/D07_1.png,retina,retina_65.png
365,rxGFP_may14/Eugene/BF_D6/pl5/Scan _MyScan_ 2019-05-20 22.04.01/H02_1.png,non-retina,non-retina_247.png
366,rxGFP_may14/Eugene/BF_D6/pl9/Scan _MyScan_ 2019-05-20 17.51.09/E10_1.png,retina,retina_848.png
367,rxGFP_may25/Eugene/bf_d6/pl1/Scan _MyScan_ 2019-05-31 14.09.29/F10_1.png,retina,retina_39.png
368,rxGFP_may14/Eugene/BF_D6/pl7/Scan _MyScan_ 2019-05-20 18.51.16/G12_1.png,retina,retina_748.png
369,rxGFP_may14/Eugene/BF_D6/pl2/Scan _MyScan_ 2019-05-20 23.20.21/H11_1.png,non-retina,non-retina_190.png
370,rxGFP_may25/Eugene/bf_d6/pl1/Scan _MyScan_ 2019-05-31 14.09.29/C09_1.png,retina,retina_14.png
371,rxGFP_may25/Eugene/bf_d6/pl3/Scan _MyScan_ 2019-05-31 15.58.58/E01_1.png,non-retina,non-retina_32.png
372,rxGFP_may25/Eugene/bf_d6/pl4/Scan _MyScan_ 2019-05-31 17.35.28/B05_1.png,retina,retina_133.png
373,rxGFP_may25/Eugene/bf_d6/pl5/Scan _MyScan_ 2019-05-31 18.06.38/B01_1.png,non-retina,non-retina_65.png
374,rxGFP_may14/Eugene/BF_D6/pl9/Scan _MyScan_ 2019-05-20 17.51.09/D08_1.png,retina,retina_835.png
375,rxGFP_may25/Eugene/bf_d6/pl7/Scan _MyScan_ 2019-05-31 19.30.08/B12_1.png,non-retina,non-retina_79.png
376,rxGFP_june19/Eugene/bf_d6/pl4/Scan _MyScan_ 2019-06-25 14.22.18/A08_1.png,retina,retina_354.png
377,rxGFP_may25/Eugene/bf_d6/pl5/Scan _MyScan_ 2019-05-31 18.06.38/D04_1.png,retina,retina_183.png
378,rxGFP_may14/Eugene/BF_D6/pl5/Scan _MyScan_ 2019-05-20 22.04.01/E04_1.png,retina,retina_612.png
379,rxGFP_may14/Eugene/BF_D6/pl4/Scan _MyScan_ 2019-05-20 22.31.55/B08_1.png,retina,retina_541.png
380,rxGFP_may14/Eugene/BF_D6/pl2/Scan _MyScan_ 2019-05-20 23.20.21/B01_1.png,non-retina,non-retina_172.png
381,rxGFP_may14/Eugene/BF_D6/pl6/Scan _MyScan_ 2019-05-20 19.28.04/B01_1.png,non-retina,non-retina_257.png
382,rxGFP_may25/Eugene/bf_d6/pl2/Scan _MyScan_ 2019-05-31 14.41.03/G09_1.png,retina,retina_87.png
383,rxGFP_may25/Eugene/bf_d6/pl2/Scan _MyScan_ 2019-05-31 14.41.03/A08_1.png,non-retina,non-retina_13.png
384,rxGFP_may14/Eugene/BF_D6/pl8/Scan _MyScan_ 2019-05-20 18.20.51/F03_1.png,retina,retina_792.png
385,rxGFP_may14/Eugene/BF_D6/pl8/Scan _MyScan_ 2019-05-20 18.20.51/B08_1.png,retina,retina_762.png
386,rxGFP_may14/Eugene/BF_D6/pl5/Scan _MyScan_ 2019-05-20 22.04.01/F08_1.png,retina,retina_626.png
387,rxGFP_may25/Eugene/bf_d6/pl5/Scan _MyScan_ 2019-05-31 18.06.38/C11_1.png,retina,retina_179.png
388,rxGFP_may14/Eugene/BF_D6/pl7/Scan _MyScan_ 2019-05-20 18.51.16/B08_1.png,retina,retina_699.png
389,rxGFP_may14/Eugene/BF_D6/pl8/Scan _MyScan_ 2019-05-20 18.20.51/C09_1.png,retina,retina_770.png
390,rxGFP_may14/Eugene/BF_D6/pl9/Scan _MyScan_ 2019-05-20 17.51.09/C03_1.png,retina,retina_820.png
391,rxGFP_may25/Eugene/bf_d6/pl3/Scan _MyScan_ 2019-05-31 15.58.58/E06_1.png,retina,retina_110.png
392,rxGFP_may25/Eugene/bf_d6/pl2/Scan _MyScan_ 2019-05-31 14.41.03/H04_1.png,non-retina,non-retina_19.png
393,rxGFP_may14/Eugene/BF_D6/pl9/Scan _MyScan_ 2019-05-20 17.51.09/B05_1.png,retina,retina_812.png
394,rxGFP_june19/Eugene/bf_d6/pl6/Scan _MyScan_ 2019-06-25 15.19.18/D01_1.png,retina,retina_380.png
395,rxGFP_may14/Eugene/BF_D6/pl1/Scan _MyScan_ 2019-05-20 23.42.46/H09_1.png,retina,retina_442.png
396,rxGFP_may25/Eugene/bf_d6/pl3/Scan _MyScan_ 2019-05-31 15.58.58/A09_1.png,non-retina,non-retina_28.png
397,rxGFP_june19/Eugene/bf_d6/pl4/Scan _MyScan_ 2019-06-25 14.22.18/F09_1.png,retina,retina_363.png
398,rxGFP_may25/Eugene/bf_d6/pl1/Scan _MyScan_ 2019-05-31 14.09.29/H01_1.png,non-retina,non-retina_8.png
399,rxGFP_may25/Eugene/bf_d6/pl8/Scan _MyScan_ 2019-05-31 20.37.09/D04_1.png,retina,retina_279.png
400,rxGFP_may25/Eugene/bf_d6/pl1/Scan _MyScan_ 2019-05-31 14.09.29/C11_1.png,retina,retina_16.png
401,rxGFP_may14/Eugene/BF_D6/pl5/Scan _MyScan_ 2019-05-20 22.04.01/C01_1.png,non-retina,non-retina_240.png
402,rxGFP_may14/Eugene/BF_D6/pl1/Scan _MyScan_ 2019-05-20 23.42.46/D04_1.png,retina,retina_419.png
403,rxGFP_may14/Eugene/BF_D6/pl2/Scan _MyScan_ 2019-05-20 23.20.21/H08_1.png,non-retina,non-retina_187.png
404,rxGFP_may25/Eugene/bf_d6/pl7/Scan _MyScan_ 2019-05-31 19.30.08/E03_1.png,retina,retina_242.png
405,rxGFP_may14/Eugene/BF_D6/pl8/Scan _MyScan_ 2019-05-20 18.20.51/D08_1.png,retina,retina_778.png
406,rxGFP_may14/Eugene/BF_D6/pl1/Scan _MyScan_ 2019-05-20 23.42.46/A09_1.png,non-retina,non-retina_153.png
407,rxGFP_may25/Eugene/bf_d6/pl3/Scan _MyScan_ 2019-05-31 15.58.58/D10_1.png,retina,retina_106.png
408,rxGFP_may25/Eugene/bf_d6/pl5/Scan _MyScan_ 2019-05-31 18.06.38/A02_1.png,non-retina,non-retina_58.png
409,rxGFP_may14/Eugene/BF_D6/pl7/Scan _MyScan_ 2019-05-20 18.51.16/G01_1.png,non-retina,non-retina_277.png
410,rxGFP_may25/Eugene/bf_d6/pl5/Scan _MyScan_ 2019-05-31 18.06.38/H07_1.png,retina,retina_219.png
411,rxGFP_may25/Eugene/bf_d6/pl1/Scan _MyScan_ 2019-05-31 14.09.29/A09_1.png,retina,retina_1.png
412,rxGFP_may25/Eugene/bf_d6/pl5/Scan _MyScan_ 2019-05-31 18.06.38/B10_1.png,retina,retina_169.png
413,rxGFP_may25/Eugene/bf_d6/pl2/Scan _MyScan_ 2019-05-31 14.41.03/E10_1.png,retina,retina_75.png
414,rxGFP_june19/Eugene/bf_d6/pl7/Scan _MyScan_ 2019-06-25 16.41.15/A10_1.png,retina,retina_391.png
415,rxGFP_may14/Eugene/BF_D6/pl3/Scan _MyScan_ 2019-05-20 22.54.10/B06_1.png,retina,retina_482.png
416,rxGFP_june19/Eugene/bf_d6/pl3/Scan _MyScan_ 2019-06-25 13.12.29/D12_1.png,retina,retina_347.png
417,rxGFP_june19/Eugene/bf_d6/pl4/Scan _MyScan_ 2019-06-25 14.22.18/F12_1.png,retina,retina_366.png
418,rxGFP_may14/Eugene/BF_D6/pl6/Scan _MyScan_ 2019-05-20 19.28.04/E01_1.png,non-retina,non-retina_259.png
419,rxGFP_may25/Eugene/bf_d6/pl1/Scan _MyScan_ 2019-05-31 14.09.29/E04_1.png,retina,retina_25.png
420,rxGFP_may14/Eugene/BF_D6/pl6/Scan _MyScan_ 2019-05-20 19.28.04/H03_1.png,non-retina,non-retina_263.png
421,rxGFP_may14/Eugene/BF_D6/pl7/Scan _MyScan_ 2019-05-20 18.51.16/G02_1.png,retina,retina_738.png
422,rxGFP_may14/Eugene/BF_D6/pl8/Scan _MyScan_ 2019-05-20 18.20.51/F02_1.png,retina,retina_791.png
423,rxGFP_may14/Eugene/BF_D6/pl5/Scan _MyScan_ 2019-05-20 22.04.01/F07_1.png,retina,retina_625.png
424,rxGFP_may14/Eugene/BF_D6/pl8/Scan _MyScan_ 2019-05-20 18.20.51/C10_1.png,retina,retina_771.png
425,rxGFP_may25/Eugene/bf_d6/pl5/Scan _MyScan_ 2019-05-31 18.06.38/C10_1.png,retina,retina_178.png
426,rxGFP_may14/Eugene/BF_D6/pl2/Scan _MyScan_ 2019-05-20 23.20.21/D03_1.png,retina,retina_453.png
427,rxGFP_may14/Eugene/BF_D6/pl1/Scan _MyScan_ 2019-05-20 23.42.46/B04_1.png,retina,retina_404.png
428,rxGFP_may14/Eugene/BF_D6/pl8/Scan _MyScan_ 2019-05-20 18.20.51/G12_1.png,non-retina,non-retina_292.png
429,rxGFP_may14/Eugene/BF_D6/pl9/Scan _MyScan_ 2019-05-20 17.51.09/E04_1.png,retina,retina_842.png
430,rxGFP_june19/Eugene/bf_d6/pl2/Scan _MyScan_ 2019-06-25 12.27.40/H02_1.png,retina,retina_340.png
431,rxGFP_may14/Eugene/BF_D6/pl7/Scan _MyScan_ 2019-05-20 18.51.16/C04_1.png,retina,retina_704.png
432,rxGFP_may14/Eugene/BF_D6/pl1/Scan _MyScan_ 2019-05-20 23.42.46/A01_1.png,non-retina,non-retina_149.png
433,rxGFP_june19/Eugene/bf_d6/pl6/Scan _MyScan_ 2019-06-25 15.19.18/E04_1.png,retina,retina_383.png
434,rxGFP_may14/Eugene/BF_D6/pl3/Scan _MyScan_ 2019-05-20 22.54.10/A11_1.png,retina,retina_477.png
435,rxGFP_may14/Eugene/BF_D6/pl8/Scan _MyScan_ 2019-05-20 18.20.51/B10_1.png,retina,retina_763.png
436,rxGFP_may25/Eugene/bf_d6/pl8/Scan _MyScan_ 2019-05-31 20.37.09/C08_1.png,retina,retina_273.png
437,rxGFP_may14/Eugene/BF_D6/pl5/Scan _MyScan_ 2019-05-20 22.04.01/G05_1.png,retina,retina_633.png
438,rxGFP_may14/Eugene/BF_D6/pl1/Scan _MyScan_ 2019-05-20 23.42.46/B09_1.png,retina,retina_408.png
439,rxGFP_may14/Eugene/BF_D6/pl6/Scan _MyScan_ 2019-05-20 19.28.04/F06_1.png,retina,retina_681.png
440,rxGFP_may25/Eugene/bf_d6/pl7/Scan _MyScan_ 2019-05-31 19.30.08/C05_1.png,retina,retina_227.png
441,rxGFP_may14/Eugene/BF_D6/pl8/Scan _MyScan_ 2019-05-20 18.20.51/A06_1.png,retina,retina_754.png
442,rxGFP_may25/Eugene/bf_d6/pl4/Scan _MyScan_ 2019-05-31 17.35.28/D09_1.png,retina,retina_152.png
443,rxGFP_may14/Eugene/BF_D6/pl5/Scan _MyScan_ 2019-05-20 22.04.01/D03_1.png,retina,retina_602.png
444,rxGFP_may25/Eugene/bf_d6/pl2/Scan _MyScan_ 2019-05-31 14.41.03/H06_1.png,retina,retina_90.png
445,rxGFP_may14/Eugene/BF_D6/pl5/Scan _MyScan_ 2019-05-20 22.04.01/C11_1.png,retina,retina_600.png
446,rxGFP_may25/Eugene/bf_d6/pl4/Scan _MyScan_ 2019-05-31 17.35.28/G10_1.png,retina,retina_163.png
447,rxGFP_may14/Eugene/BF_D6/pl9/Scan _MyScan_ 2019-05-20 17.51.09/F08_1.png,retina,retina_856.png
448,rxGFP_may14/Eugene/BF_D6/pl6/Scan _MyScan_ 2019-05-20 19.28.04/G10_1.png,retina,retina_690.png
449,rxGFP_may14/Eugene/BF_D6/pl2/Scan _MyScan_ 2019-05-20 23.20.21/C01_1.png,non-retina,non-retina_176.png
450,rxGFP_may14/Eugene/BF_D6/pl4/Scan _MyScan_ 2019-05-20 22.31.55/F07_1.png,retina,retina_573.png
451,rxGFP_june19/Eugene/bf_d6/pl1/Scan _MyScan_ 2019-06-25 11.50.56/D06_1.png,retina,retina_327.png
452,rxGFP_june19/Eugene/bf_d6/pl4/Scan _MyScan_ 2019-06-25 14.22.18/B12_1.png,retina,retina_357.png
453,rxGFP_may25/Eugene/bf_d6/pl3/Scan _MyScan_ 2019-05-31 15.58.58/H03_1.png,retina,retina_127.png
454,rxGFP_may14/Eugene/BF_D6/pl1/Scan _MyScan_ 2019-05-20 23.42.46/H02_1.png,retina,retina_438.png
455,rxGFP_may14/Eugene/BF_D6/pl2/Scan _MyScan_ 2019-05-20 23.20.21/C04_1.png,retina,retina_449.png
456,rxGFP_may14/Eugene/BF_D6/pl1/Scan _MyScan_ 2019-05-20 23.42.46/H01_1.png,non-retina,non-retina_160.png
457,rxGFP_may14/Eugene/BF_D6/pl1/Scan _MyScan_ 2019-05-20 23.42.46/D07_1.png,retina,retina_420.png
458,rxGFP_may14/Eugene/BF_D6/pl2/Scan _MyScan_ 2019-05-20 23.20.21/E03_1.png,non-retina,non-retina_180.png
459,rxGFP_may25/Eugene/bf_d6/pl4/Scan _MyScan_ 2019-05-31 17.35.28/E11_1.png,non-retina,non-retina_45.png
460,rxGFP_may14/Eugene/BF_D6/pl3/Scan _MyScan_ 2019-05-20 22.54.10/B03_1.png,retina,retina_479.png
461,rxGFP_may25/Eugene/bf_d6/pl8/Scan _MyScan_ 2019-05-31 20.37.09/A05_1.png,non-retina,non-retina_88.png
462,rxGFP_may14/Eugene/BF_D6/pl8/Scan _MyScan_ 2019-05-20 18.20.51/F09_1.png,retina,retina_798.png
463,rxGFP_may14/Eugene/BF_D6/pl3/Scan _MyScan_ 2019-05-20 22.54.10/H05_1.png,non-retina,non-retina_204.png
464,rxGFP_may14/Eugene/BF_D6/pl7/Scan _MyScan_ 2019-05-20 18.51.16/D02_1.png,retina,retina_713.png
465,rxGFP_may14/Eugene/BF_D6/pl7/Scan _MyScan_ 2019-05-20 18.51.16/F01_1.png,non-retina,non-retina_274.png
466,rxGFP_may25/Eugene/bf_d6/pl4/Scan _MyScan_ 2019-05-31 17.35.28/C01_1.png,non-retina,non-retina_41.png
467,rxGFP_may25/Eugene/bf_d6/pl7/Scan _MyScan_ 2019-05-31 19.30.08/B08_1.png,retina,retina_220.png
468,rxGFP_may25/Eugene/bf_d6/pl2/Scan _MyScan_ 2019-05-31 14.41.03/B01_1.png,non-retina,non-retina_14.png
469,rxGFP_may25/Eugene/bf_d6/pl7/Scan _MyScan_ 2019-05-31 19.30.08/C03_1.png,retina,retina_225.png
470,rxGFP_june19/Eugene/bf_d6/pl7/Scan _MyScan_ 2019-06-25 16.41.15/A05_1.png,non-retina,non-retina_145.png
471,rxGFP_june19/Eugene/bf_d6/pl3/Scan _MyScan_ 2019-06-25 13.12.29/B06_1.png,retina,retina_341.png
472,rxGFP_may25/Eugene/bf_d6/pl2/Scan _MyScan_ 2019-05-31 14.41.03/D04_1.png,retina,retina_63.png
473,rxGFP_may25/Eugene/bf_d6/pl3/Scan _MyScan_ 2019-05-31 15.58.58/C01_1.png,non-retina,non-retina_31.png
474,rxGFP_june19/Eugene/bf_d6/pl7/Scan _MyScan_ 2019-06-25 16.41.15/C04_1.png,non-retina,non-retina_146.png
475,rxGFP_june19/Eugene/bf_d6/pl1/Scan _MyScan_ 2019-06-25 11.50.56/E03_1.png,retina,retina_329.png
476,rxGFP_may14/Eugene/BF_D6/pl1/Scan _MyScan_ 2019-05-20 23.42.46/E05_1.png,retina,retina_425.png
477,rxGFP_may14/Eugene/BF_D6/pl2/Scan _MyScan_ 2019-05-20 23.20.21/F05_1.png,retina,retina_465.png
478,rxGFP_may14/Eugene/BF_D6/pl9/Scan _MyScan_ 2019-05-20 17.51.09/A07_1.png,retina,retina_807.png
479,rxGFP_may14/Eugene/BF_D6/pl8/Scan _MyScan_ 2019-05-20 18.20.51/A04_1.png,retina,retina_752.png
480,rxGFP_may14/Eugene/BF_D6/pl3/Scan _MyScan_ 2019-05-20 22.54.10/G11_1.png,retina,retina_527.png
481,rxGFP_may25/Eugene/bf_d6/pl7/Scan _MyScan_ 2019-05-31 19.30.08/C12_1.png,retina,retina_232.png
482,rxGFP_may25/Eugene/bf_d6/pl8/Scan _MyScan_ 2019-05-31 20.37.09/F12_1.png,retina,retina_299.png
483,rxGFP_may25/Eugene/bf_d6/pl7/Scan _MyScan_ 2019-05-31 19.30.08/C10_1.png,retina,retina_231.png
484,rxGFP_may25/Eugene/bf_d6/pl8/Scan _MyScan_ 2019-05-31 20.37.09/E05_1.png,retina,retina_287.png
485,rxGFP_may25/Eugene/bf_d6/pl3/Scan _MyScan_ 2019-05-31 15.58.58/F04_1.png,retina,retina_115.png
486,rxGFP_june19/Eugene/bf_d6/pl2/Scan _MyScan_ 2019-06-25 12.27.40/F06_1.png,non-retina,non-retina_114.png
487,rxGFP_may25/Eugene/bf_d6/pl4/Scan _MyScan_ 2019-05-31 17.35.28/B10_1.png,retina,retina_138.png
488,rxGFP_june19/Eugene/bf_d6/pl4/Scan _MyScan_ 2019-06-25 14.22.18/H01_1.png,non-retina,non-retina_131.png
489,rxGFP_may14/Eugene/BF_D6/pl2/Scan _MyScan_ 2019-05-20 23.20.21/E08_1.png,retina,retina_462.png
490,rxGFP_may14/Eugene/BF_D6/pl8/Scan _MyScan_ 2019-05-20 18.20.51/E08_1.png,retina,retina_787.png
491,rxGFP_may14/Eugene/BF_D6/pl1/Scan _MyScan_ 2019-05-20 23.42.46/E01_1.png,retina,retina_423.png
492,rxGFP_may14/Eugene/BF_D6/pl3/Scan _MyScan_ 2019-05-20 22.54.10/E10_1.png,retina,retina_510.png
493,rxGFP_may14/Eugene/BF_D6/pl4/Scan _MyScan_ 2019-05-20 22.31.55/A05_1.png,retina,retina_530.png
494,rxGFP_may25/Eugene/bf_d6/pl8/Scan _MyScan_ 2019-05-31 20.37.09/D01_1.png,retina,retina_276.png
495,rxGFP_may14/Eugene/BF_D6/pl9/Scan _MyScan_ 2019-05-20 17.51.09/A09_1.png,retina,retina_808.png
496,rxGFP_may14/Eugene/BF_D6/pl3/Scan _MyScan_ 2019-05-20 22.54.10/C09_1.png,retina,retina_491.png
497,rxGFP_may14/Eugene/BF_D6/pl6/Scan _MyScan_ 2019-05-20 19.28.04/G08_1.png,retina,retina_688.png
498,rxGFP_may14/Eugene/BF_D6/pl3/Scan _MyScan_ 2019-05-20 22.54.10/H01_1.png,non-retina,non-retina_201.png
499,rxGFP_may25/Eugene/bf_d6/pl9/Scan _MyScan_ 2019-05-31 21.09.46/A06_1.png,retina,retina_312.png
500,rxGFP_may14/Eugene/BF_D6/pl7/Scan _MyScan_ 2019-05-20 18.51.16/D10_1.png,retina,retina_720.png
501,rxGFP_june19/Eugene/bf_d6/pl4/Scan _MyScan_ 2019-06-25 14.22.18/F10_1.png,retina,retina_364.png
502,rxGFP_may14/Eugene/BF_D6/pl4/Scan _MyScan_ 2019-05-20 22.31.55/D08_1.png,retina,retina_558.png
503,rxGFP_may25/Eugene/bf_d6/pl5/Scan _MyScan_ 2019-05-31 18.06.38/E08_1.png,retina,retina_198.png
504,rxGFP_may14/Eugene/BF_D6/pl6/Scan _MyScan_ 2019-05-20 19.28.04/A01_1.png,non-retina,non-retina_255.png
505,rxGFP_may14/Eugene/BF_D6/pl4/Scan _MyScan_ 2019-05-20 22.31.55/F09_1.png,retina,retina_574.png
506,rxGFP_may14/Eugene/BF_D6/pl9/Scan _MyScan_ 2019-05-20 17.51.09/B12_1.png,non-retina,non-retina_306.png
507,rxGFP_may14/Eugene/BF_D6/pl5/Scan _MyScan_ 2019-05-20 22.04.01/G03_1.png,retina,retina_631.png
508,rxGFP_may14/Eugene/BF_D6/pl4/Scan _MyScan_ 2019-05-20 22.31.55/E07_1.png,retina,retina_566.png
509,rxGFP_may14/Eugene/BF_D6/pl3/Scan _MyScan_ 2019-05-20 22.54.10/B05_1.png,retina,retina_481.png
510,rxGFP_may14/Eugene/BF_D6/pl3/Scan _MyScan_ 2019-05-20 22.54.10/C11_1.png,retina,retina_492.png
511,rxGFP_may25/Eugene/bf_d6/pl3/Scan _MyScan_ 2019-05-31 15.58.58/C05_1.png,retina,retina_96.png
512,rxGFP_may14/Eugene/BF_D6/pl8/Scan _MyScan_ 2019-05-20 18.20.51/G01_1.png,non-retina,non-retina_291.png
513,rxGFP_may14/Eugene/BF_D6/pl8/Scan _MyScan_ 2019-05-20 18.20.51/G09_1.png,retina,retina_806.png
514,rxGFP_june19/Eugene/bf_d6/pl2/Scan _MyScan_ 2019-06-25 12.27.40/B01_1.png,non-retina,non-retina_107.png
515,rxGFP_may14/Eugene/BF_D6/pl9/Scan _MyScan_ 2019-05-20 17.51.09/C08_1.png,retina,retina_825.png
516,rxGFP_may14/Eugene/BF_D6/pl6/Scan _MyScan_ 2019-05-20 19.28.04/D03_1.png,retina,retina_661.png
517,rxGFP_may14/Eugene/BF_D6/pl1/Scan _MyScan_ 2019-05-20 23.42.46/D01_1.png,retina,retina_416.png
518,rxGFP_may25/Eugene/bf_d6/pl4/Scan _MyScan_ 2019-05-31 17.35.28/E05_1.png,retina,retina_155.png
519,rxGFP_may14/Eugene/BF_D6/pl4/Scan _MyScan_ 2019-05-20 22.31.55/A10_1.png,retina,retina_534.png
520,rxGFP_may14/Eugene/BF_D6/pl7/Scan _MyScan_ 2019-05-20 18.51.16/C08_1.png,retina,retina_708.png
521,rxGFP_may14/Eugene/BF_D6/pl5/Scan _MyScan_ 2019-05-20 22.04.01/F04_1.png,retina,retina_622.png
522,rxGFP_june19/Eugene/bf_d6/pl6/Scan _MyScan_ 2019-06-25 15.19.18/H07_1.png,retina,retina_390.png
523,rxGFP_may25/Eugene/bf_d6/pl1/Scan _MyScan_ 2019-05-31 14.09.29/B06_1.png,retina,retina_3.png
524,rxGFP_may25/Eugene/bf_d6/pl7/Scan _MyScan_ 2019-05-31 19.30.08/D09_1.png,retina,retina_237.png
525,rxGFP_june19/Eugene/bf_d6/pl2/Scan _MyScan_ 2019-06-25 12.27.40/B12_1.png,retina,retina_335.png
526,rxGFP_may14/Eugene/BF_D6/pl9/Scan _MyScan_ 2019-05-20 17.51.09/C09_1.png,retina,retina_826.png
527,rxGFP_may14/Eugene/BF_D6/pl8/Scan _MyScan_ 2019-05-20 18.20.51/C08_1.png,retina,retina_769.png
528,rxGFP_june19/Eugene/bf_d6/pl4/Scan _MyScan_ 2019-06-25 14.22.18/F11_1.png,retina,retina_365.png
529,rxGFP_may14/Eugene/BF_D6/pl6/Scan _MyScan_ 2019-05-20 19.28.04/D02_1.png,retina,retina_660.png
530,rxGFP_june19/Eugene/bf_d6/pl6/Scan _MyScan_ 2019-06-25 15.19.18/B10_1.png,retina,retina_378.png
531,rxGFP_may14/Eugene/BF_D6/pl7/Scan _MyScan_ 2019-05-20 18.51.16/E08_1.png,retina,retina_728.png
532,rxGFP_may14/Eugene/BF_D6/pl8/Scan _MyScan_ 2019-05-20 18.20.51/E10_1.png,retina,retina_789.png
533,rxGFP_may14/Eugene/BF_D6/pl4/Scan _MyScan_ 2019-05-20 22.31.55/F03_1.png,retina,retina_570.png
534,rxGFP_may14/Eugene/BF_D6/pl5/Scan _MyScan_ 2019-05-20 22.04.01/C05_1.png,retina,retina_595.png
535,rxGFP_june19/Eugene/bf_d6/pl3/Scan _MyScan_ 2019-06-25 13.12.29/A07_1.png,non-retina,non-retina_123.png
536,rxGFP_may14/Eugene/BF_D6/pl3/Scan _MyScan_ 2019-05-20 22.54.10/B10_1.png,retina,retina_485.png
537,rxGFP_may14/Eugene/BF_D6/pl6/Scan _MyScan_ 2019-05-20 19.28.04/H08_1.png,non-retina,non-retina_265.png
538,rxGFP_may14/Eugene/BF_D6/pl3/Scan _MyScan_ 2019-05-20 22.54.10/H12_1.png,non-retina,non-retina_211.png
539,rxGFP_may25/Eugene/bf_d6/pl8/Scan _MyScan_ 2019-05-31 20.37.09/A12_1.png,non-retina,non-retina_95.png
540,rxGFP_may14/Eugene/BF_D6/pl1/Scan _MyScan_ 2019-05-20 23.42.46/B10_1.png,non-retina,non-retina_156.png
541,rxGFP_may25/Eugene/bf_d6/pl4/Scan _MyScan_ 2019-05-31 17.35.28/B06_1.png,retina,retina_134.png
542,rxGFP_may25/Eugene/bf_d6/pl5/Scan _MyScan_ 2019-05-31 18.06.38/B09_1.png,retina,retina_168.png
543,rxGFP_may25/Eugene/bf_d6/pl4/Scan _MyScan_ 2019-05-31 17.35.28/E10_1.png,non-retina,non-retina_44.png
544,rxGFP_may25/Eugene/bf_d6/pl1/Scan _MyScan_ 2019-05-31 14.09.29/C07_1.png,retina,retina_12.png
545,rxGFP_june19/Eugene/bf_d6/pl7/Scan _MyScan_ 2019-06-25 16.41.15/G11_1.png,retina,retina_400.png
546,rxGFP_june19/Eugene/bf_d6/pl6/Scan _MyScan_ 2019-06-25 15.19.18/A11_1.png,retina,retina_377.png
547,rxGFP_may25/Eugene/bf_d6/pl2/Scan _MyScan_ 2019-05-31 14.41.03/D06_1.png,retina,retina_64.png
548,rxGFP_may25/Eugene/bf_d6/pl2/Scan _MyScan_ 2019-05-31 14.41.03/E06_1.png,retina,retina_71.png
549,rxGFP_june19/Eugene/bf_d6/pl2/Scan _MyScan_ 2019-06-25 12.27.40/C08_1.png,non-retina,non-retina_109.png
550,rxGFP_may14/Eugene/BF_D6/pl2/Scan _MyScan_ 2019-05-20 23.20.21/B04_1.png,retina,retina_444.png
551,rxGFP_may14/Eugene/BF_D6/pl7/Scan _MyScan_ 2019-05-20 18.51.16/C11_1.png,retina,retina_710.png
552,rxGFP_may25/Eugene/bf_d6/pl8/Scan _MyScan_ 2019-05-31 20.37.09/C04_1.png,retina,retina_271.png
553,rxGFP_june19/Eugene/bf_d6/pl3/Scan _MyScan_ 2019-06-25 13.12.29/G01_1.png,non-retina,non-retina_127.png
554,rxGFP_may14/Eugene/BF_D6/pl3/Scan _MyScan_ 2019-05-20 22.54.10/H10_1.png,non-retina,non-retina_209.png
555,rxGFP_may25/Eugene/bf_d6/pl5/Scan _MyScan_ 2019-05-31 18.06.38/G02_1.png,retina,retina_209.png
556,rxGFP_may14/Eugene/BF_D6/pl5/Scan _MyScan_ 2019-05-20 22.04.01/F06_1.png,retina,retina_624.png
557,rxGFP_may14/Eugene/BF_D6/pl6/Scan _MyScan_ 2019-05-20 19.28.04/E12_1.png,retina,retina_676.png
558,rxGFP_may25/Eugene/bf_d6/pl5/Scan _MyScan_ 2019-05-31 18.06.38/H05_1.png,retina,retina_217.png
559,rxGFP_may25/Eugene/bf_d6/pl8/Scan _MyScan_ 2019-05-31 20.37.09/A09_1.png,non-retina,non-retina_92.png
560,rxGFP_may14/Eugene/BF_D6/pl5/Scan _MyScan_ 2019-05-20 22.04.01/E03_1.png,retina,retina_611.png
561,rxGFP_may14/Eugene/BF_D6/pl5/Scan _MyScan_ 2019-05-20 22.04.01/H03_1.png,non-retina,non-retina_248.png
562,rxGFP_may14/Eugene/BF_D6/pl9/Scan _MyScan_ 2019-05-20 17.51.09/B08_1.png,retina,retina_815.png
563,rxGFP_may14/Eugene/BF_D6/pl9/Scan _MyScan_ 2019-05-20 17.51.09/G10_1.png,retina,retina_868.png
564,rxGFP_may14/Eugene/BF_D6/pl9/Scan _MyScan_ 2019-05-20 17.51.09/C12_1.png,non-retina,non-retina_308.png
565,rxGFP_may25/Eugene/bf_d6/pl1/Scan _MyScan_ 2019-05-31 14.09.29/B09_1.png,retina,retina_5.png
566,rxGFP_may14/Eugene/BF_D6/pl8/Scan _MyScan_ 2019-05-20 18.20.51/D12_1.png,retina,retina_782.png
567,rxGFP_may25/Eugene/bf_d6/pl7/Scan _MyScan_ 2019-05-31 19.30.08/G09_1.png,retina,retina_263.png
568,rxGFP_may14/Eugene/BF_D6/pl3/Scan _MyScan_ 2019-05-20 22.54.10/D06_1.png,retina,retina_498.png
569,rxGFP_may14/Eugene/BF_D6/pl4/Scan _MyScan_ 2019-05-20 22.31.55/H05_1.png,non-retina,non-retina_224.png
570,rxGFP_june19/Eugene/bf_d6/pl6/Scan _MyScan_ 2019-06-25 15.19.18/E05_1.png,retina,retina_384.png
571,rxGFP_may14/Eugene/BF_D6/pl1/Scan _MyScan_ 2019-05-20 23.42.46/A02_1.png,non-retina,non-retina_150.png
572,rxGFP_may14/Eugene/BF_D6/pl6/Scan _MyScan_ 2019-05-20 19.28.04/B03_1.png,retina,retina_645.png
573,rxGFP_may25/Eugene/bf_d6/pl5/Scan _MyScan_ 2019-05-31 18.06.38/F05_1.png,retina,retina_204.png
574,rxGFP_may25/Eugene/bf_d6/pl7/Scan _MyScan_ 2019-05-31 19.30.08/D08_1.png,retina,retina_236.png
575,rxGFP_may14/Eugene/BF_D6/pl9/Scan _MyScan_ 2019-05-20 17.51.09/F09_1.png,retina,retina_857.png
576,rxGFP_may25/Eugene/bf_d6/pl2/Scan _MyScan_ 2019-05-31 14.41.03/F09_1.png,retina,retina_82.png
577,rxGFP_may14/Eugene/BF_D6/pl5/Scan _MyScan_ 2019-05-20 22.04.01/C10_1.png,retina,retina_599.png
578,rxGFP_june19/Eugene/bf_d6/pl4/Scan _MyScan_ 2019-06-25 14.22.18/H03_1.png,non-retina,non-retina_132.png
579,rxGFP_may14/Eugene/BF_D6/pl9/Scan _MyScan_ 2019-05-20 17.51.09/D06_1.png,retina,retina_833.png
580,rxGFP_may25/Eugene/bf_d6/pl1/Scan _MyScan_ 2019-05-31 14.09.29/F04_1.png,retina,retina_35.png
581,rxGFP_may25/Eugene/bf_d6/pl8/Scan _MyScan_ 2019-05-31 20.37.09/G03_1.png,retina,retina_301.png
582,rxGFP_may14/Eugene/BF_D6/pl8/Scan _MyScan_ 2019-05-20 18.20.51/F10_1.png,retina,retina_799.png
583,rxGFP_may14/Eugene/BF_D6/pl8/Scan _MyScan_ 2019-05-20 18.20.51/C03_1.png,retina,retina_764.png
584,rxGFP_june19/Eugene/bf_d6/pl3/Scan _MyScan_ 2019-06-25 13.12.29/G07_1.png,non-retina,non-retina_129.png
585,rxGFP_may14/Eugene/BF_D6/pl2/Scan _MyScan_ 2019-05-20 23.20.21/C05_1.png,retina,retina_450.png
586,rxGFP_may14/Eugene/BF_D6/pl4/Scan _MyScan_ 2019-05-20 22.31.55/H04_1.png,non-retina,non-retina_223.png
587,rxGFP_may14/Eugene/BF_D6/pl9/Scan _MyScan_ 2019-05-20 17.51.09/G11_1.png,retina,retina_869.png
588,rxGFP_may25/Eugene/bf_d6/pl8/Scan _MyScan_ 2019-05-31 20.37.09/G06_1.png,retina,retina_304.png
589,rxGFP_may14/Eugene/BF_D6/pl5/Scan _MyScan_ 2019-05-20 22.04.01/F11_1.png,retina,retina_629.png
590,rxGFP_may25/Eugene/bf_d6/pl4/Scan _MyScan_ 2019-05-31 17.35.28/G03_1.png,non-retina,non-retina_49.png
591,rxGFP_may14/Eugene/BF_D6/pl2/Scan _MyScan_ 2019-05-20 23.20.21/F12_1.png,non-retina,non-retina_181.png
592,rxGFP_may25/Eugene/bf_d6/pl1/Scan _MyScan_ 2019-05-31 14.09.29/B10_1.png,retina,retina_6.png
593,rxGFP_may25/Eugene/bf_d6/pl1/Scan _MyScan_ 2019-05-31 14.09.29/F11_1.png,retina,retina_40.png
594,rxGFP_may14/Eugene/BF_D6/pl5/Scan _MyScan_ 2019-05-20 22.04.01/C03_1.png,retina,retina_593.png
595,rxGFP_may14/Eugene/BF_D6/pl2/Scan _MyScan_ 2019-05-20 23.20.21/B03_1.png,retina,retina_443.png
596,rxGFP_may25/Eugene/bf_d6/pl3/Scan _MyScan_ 2019-05-31 15.58.58/E10_1.png,retina,retina_114.png
597,rxGFP_may14/Eugene/BF_D6/pl7/Scan _MyScan_ 2019-05-20 18.51.16/F11_1.png,retina,retina_737.png
598,rxGFP_may25/Eugene/bf_d6/pl7/Scan _MyScan_ 2019-05-31 19.30.08/D06_1.png,retina,retina_234.png
599,rxGFP_may14/Eugene/BF_D6/pl6/Scan _MyScan_ 2019-05-20 19.28.04/C07_1.png,retina,retina_658.png
600,rxGFP_may14/Eugene/BF_D6/pl4/Scan _MyScan_ 2019-05-20 22.31.55/A02_1.png,retina,retina_529.png
601,rxGFP_may25/Eugene/bf_d6/pl4/Scan _MyScan_ 2019-05-31 17.35.28/F05_1.png,retina,retina_159.png
602,rxGFP_june19/Eugene/bf_d6/pl3/Scan _MyScan_ 2019-06-25 13.12.29/F03_1.png,retina,retina_350.png
603,rxGFP_may14/Eugene/BF_D6/pl9/Scan _MyScan_ 2019-05-20 17.51.09/B10_1.png,retina,retina_817.png
604,rxGFP_may14/Eugene/BF_D6/pl8/Scan _MyScan_ 2019-05-20 18.20.51/B03_1.png,retina,retina_757.png
605,rxGFP_may14/Eugene/BF_D6/pl3/Scan _MyScan_ 2019-05-20 22.54.10/H07_1.png,non-retina,non-retina_206.png
606,rxGFP_may14/Eugene/BF_D6/pl2/Scan _MyScan_ 2019-05-20 23.20.21/B05_1.png,retina,retina_445.png
607,rxGFP_june19/Eugene/bf_d6/pl2/Scan _MyScan_ 2019-06-25 12.27.40/D07_1.png,non-retina,non-retina_111.png
608,rxGFP_may14/Eugene/BF_D6/pl9/Scan _MyScan_ 2019-05-20 17.51.09/H07_1.png,non-retina,non-retina_310.png
609,rxGFP_may14/Eugene/BF_D6/pl4/Scan _MyScan_ 2019-05-20 22.31.55/E05_1.png,retina,retina_564.png
610,rxGFP_may25/Eugene/bf_d6/pl2/Scan _MyScan_ 2019-05-31 14.41.03/A04_1.png,retina,retina_49.png
611,rxGFP_may25/Eugene/bf_d6/pl5/Scan _MyScan_ 2019-05-31 18.06.38/F07_1.png,retina,retina_206.png
612,rxGFP_may14/Eugene/BF_D6/pl9/Scan _MyScan_ 2019-05-20 17.51.09/G07_1.png,retina,retina_865.png
613,rxGFP_june19/Eugene/bf_d6/pl1/Scan _MyScan_ 2019-06-25 11.50.56/D01_1.png,retina,retina_326.png
614,rxGFP_june19/Eugene/bf_d6/pl4/Scan _MyScan_ 2019-06-25 14.22.18/B09_1.png,retina,retina_356.png
615,rxGFP_may25/Eugene/bf_d6/pl7/Scan _MyScan_ 2019-05-31 19.30.08/A05_1.png,non-retina,non-retina_71.png
616,rxGFP_may25/Eugene/bf_d6/pl5/Scan _MyScan_ 2019-05-31 18.06.38/A08_1.png,non-retina,non-retina_64.png
617,rxGFP_may25/Eugene/bf_d6/pl5/Scan _MyScan_ 2019-05-31 18.06.38/B05_1.png,retina,retina_164.png
618,rxGFP_may14/Eugene/BF_D6/pl7/Scan _MyScan_ 2019-05-20 18.51.16/H10_1.png,retina,retina_751.png
619,rxGFP_may25/Eugene/bf_d6/pl3/Scan _MyScan_ 2019-05-31 15.58.58/H11_1.png,retina,retina_129.png
620,rxGFP_may25/Eugene/bf_d6/pl3/Scan _MyScan_ 2019-05-31 15.58.58/E09_1.png,retina,retina_113.png
621,rxGFP_may14/Eugene/BF_D6/pl4/Scan _MyScan_ 2019-05-20 22.31.55/H09_1.png,non-retina,non-retina_228.png
622,rxGFP_june19/Eugene/bf_d6/pl2/Scan _MyScan_ 2019-06-25 12.27.40/G11_1.png,non-retina,non-retina_116.png
623,rxGFP_may14/Eugene/BF_D6/pl9/Scan _MyScan_ 2019-05-20 17.51.09/D11_1.png,retina,retina_838.png
624,rxGFP_may25/Eugene/bf_d6/pl4/Scan _MyScan_ 2019-05-31 17.35.28/H08_1.png,non-retina,non-retina_55.png
625,rxGFP_may14/Eugene/BF_D6/pl7/Scan _MyScan_ 2019-05-20 18.51.16/F06_1.png,retina,retina_734.png
626,rxGFP_may25/Eugene/bf_d6/pl1/Scan _MyScan_ 2019-05-31 14.09.29/E01_1.png,non-retina,non-retina_5.png
627,rxGFP_may25/Eugene/bf_d6/pl8/Scan _MyScan_ 2019-05-31 20.37.09/B07_1.png,retina,retina_268.png
628,rxGFP_may14/Eugene/BF_D6/pl6/Scan _MyScan_ 2019-05-20 19.28.04/E05_1.png,retina,retina_670.png
629,rxGFP_may25/Eugene/bf_d6/pl5/Scan _MyScan_ 2019-05-31 18.06.38/E10_1.png,retina,retina_200.png
630,rxGFP_may25/Eugene/bf_d6/pl7/Scan _MyScan_ 2019-05-31 19.30.08/D11_1.png,retina,retina_239.png
631,rxGFP_may25/Eugene/bf_d6/pl9/Scan _MyScan_ 2019-05-31 21.09.46/F12_1.png,non-retina,non-retina_99.png
632,rxGFP_may25/Eugene/bf_d6/pl2/Scan _MyScan_ 2019-05-31 14.41.03/C05_1.png,retina,retina_56.png
633,rxGFP_may14/Eugene/BF_D6/pl3/Scan _MyScan_ 2019-05-20 22.54.10/D07_1.png,retina,retina_499.png
634,rxGFP_may25/Eugene/bf_d6/pl5/Scan _MyScan_ 2019-05-31 18.06.38/A05_1.png,non-retina,non-retina_61.png
635,rxGFP_may25/Eugene/bf_d6/pl7/Scan _MyScan_ 2019-05-31 19.30.08/A08_1.png,non-retina,non-retina_74.png
636,rxGFP_may14/Eugene/BF_D6/pl3/Scan _MyScan_ 2019-05-20 22.54.10/H06_1.png,non-retina,non-retina_205.png
637,rxGFP_june19/Eugene/bf_d6/pl4/Scan _MyScan_ 2019-06-25 14.22.18/B02_1.png,retina,retina_355.png
638,rxGFP_may25/Eugene/bf_d6/pl3/Scan _MyScan_ 2019-05-31 15.58.58/G01_1.png,non-retina,non-retina_34.png
639,rxGFP_may14/Eugene/BF_D6/pl3/Scan _MyScan_ 2019-05-20 22.54.10/B09_1.png,retina,retina_484.png
640,rxGFP_may14/Eugene/BF_D6/pl1/Scan _MyScan_ 2019-05-20 23.42.46/C02_1.png,retina,retina_410.png
641,rxGFP_may25/Eugene/bf_d6/pl5/Scan _MyScan_ 2019-05-31 18.06.38/D06_1.png,retina,retina_185.png
642,rxGFP_may14/Eugene/BF_D6/pl2/Scan _MyScan_ 2019-05-20 23.20.21/C09_1.png,retina,retina_451.png
643,rxGFP_june19/Eugene/bf_d6/pl7/Scan _MyScan_ 2019-06-25 16.41.15/D02_1.png,retina,retina_396.png
644,rxGFP_may14/Eugene/BF_D6/pl7/Scan _MyScan_ 2019-05-20 18.51.16/H08_1.png,non-retina,non-retina_282.png
645,rxGFP_may25/Eugene/bf_d6/pl4/Scan _MyScan_ 2019-05-31 17.35.28/D08_1.png,retina,retina_151.png
646,rxGFP_may14/Eugene/BF_D6/pl4/Scan _MyScan_ 2019-05-20 22.31.55/H06_1.png,non-retina,non-retina_225.png
647,rxGFP_may14/Eugene/BF_D6/pl4/Scan _MyScan_ 2019-05-20 22.31.55/C01_1.png,non-retina,non-retina_214.png
648,rxGFP_may25/Eugene/bf_d6/pl4/Scan _MyScan_ 2019-05-31 17.35.28/A02_1.png,non-retina,non-retina_37.png
649,rxGFP_may25/Eugene/bf_d6/pl8/Scan _MyScan_ 2019-05-31 20.37.09/A10_1.png,non-retina,non-retina_93.png
650,rxGFP_may14/Eugene/BF_D6/pl7/Scan _MyScan_ 2019-05-20 18.51.16/G07_1.png,retina,retina_743.png
651,rxGFP_june19/Eugene/bf_d6/pl1/Scan _MyScan_ 2019-06-25 11.50.56/G09_1.png,retina,retina_333.png
652,rxGFP_may14/Eugene/BF_D6/pl2/Scan _MyScan_ 2019-05-20 23.20.21/G02_1.png,retina,retina_469.png
653,rxGFP_may14/Eugene/BF_D6/pl4/Scan _MyScan_ 2019-05-20 22.31.55/D09_1.png,retina,retina_559.png
654,rxGFP_may25/Eugene/bf_d6/pl5/Scan _MyScan_ 2019-05-31 18.06.38/D03_1.png,retina,retina_182.png
655,rxGFP_may25/Eugene/bf_d6/pl5/Scan _MyScan_ 2019-05-31 18.06.38/G05_1.png,retina,retina_211.png
656,rxGFP_may14/Eugene/BF_D6/pl5/Scan _MyScan_ 2019-05-20 22.04.01/E10_1.png,retina,retina_618.png
657,rxGFP_may14/Eugene/BF_D6/pl3/Scan _MyScan_ 2019-05-20 22.54.10/E07_1.png,retina,retina_507.png
658,rxGFP_may25/Eugene/bf_d6/pl5/Scan _MyScan_ 2019-05-31 18.06.38/E06_1.png,retina,retina_196.png
659,rxGFP_may14/Eugene/BF_D6/pl4/Scan _MyScan_ 2019-05-20 22.31.55/H07_1.png,non-retina,non-retina_226.png
660,rxGFP_may25/Eugene/bf_d6/pl2/Scan _MyScan_ 2019-05-31 14.41.03/B10_1.png,retina,retina_51.png
661,rxGFP_may14/Eugene/BF_D6/pl2/Scan _MyScan_ 2019-05-20 23.20.21/D09_1.png,retina,retina_457.png
662,rxGFP_may14/Eugene/BF_D6/pl1/Scan _MyScan_ 2019-05-20 23.42.46/G12_1.png,non-retina,non-retina_159.png
663,rxGFP_may14/Eugene/BF_D6/pl2/Scan _MyScan_ 2019-05-20 23.20.21/H12_1.png,non-retina,non-retina_191.png
664,rxGFP_may14/Eugene/BF_D6/pl5/Scan _MyScan_ 2019-05-20 22.04.01/D04_1.png,retina,retina_603.png
665,rxGFP_june19/Eugene/bf_d6/pl1/Scan _MyScan_ 2019-06-25 11.50.56/C06_1.png,retina,retina_325.png
666,rxGFP_may14/Eugene/BF_D6/pl7/Scan _MyScan_ 2019-05-20 18.51.16/F05_1.png,retina,retina_733.png
667,rxGFP_may14/Eugene/BF_D6/pl8/Scan _MyScan_ 2019-05-20 18.20.51/E09_1.png,retina,retina_788.png
668,rxGFP_may14/Eugene/BF_D6/pl4/Scan _MyScan_ 2019-05-20 22.31.55/G06_1.png,retina,retina_580.png
669,rxGFP_may14/Eugene/BF_D6/pl7/Scan _MyScan_ 2019-05-20 18.51.16/G09_1.png,retina,retina_745.png
670,rxGFP_may14/Eugene/BF_D6/pl7/Scan _MyScan_ 2019-05-20 18.51.16/E03_1.png,retina,retina_723.png
671,rxGFP_may14/Eugene/BF_D6/pl4/Scan _MyScan_ 2019-05-20 22.31.55/E06_1.png,retina,retina_565.png
672,rxGFP_may14/Eugene/BF_D6/pl7/Scan _MyScan_ 2019-05-20 18.51.16/H12_1.png,non-retina,non-retina_284.png
673,rxGFP_may14/Eugene/BF_D6/pl9/Scan _MyScan_ 2019-05-20 17.51.09/G02_1.png,retina,retina_860.png
674,rxGFP_may14/Eugene/BF_D6/pl5/Scan _MyScan_ 2019-05-20 22.04.01/C02_1.png,retina,retina_592.png
675,rxGFP_may25/Eugene/bf_d6/pl2/Scan _MyScan_ 2019-05-31 14.41.03/F08_1.png,retina,retina_81.png
676,rxGFP_may14/Eugene/BF_D6/pl4/Scan _MyScan_ 2019-05-20 22.31.55/F10_1.png,retina,retina_575.png
677,rxGFP_may14/Eugene/BF_D6/pl5/Scan _MyScan_ 2019-05-20 22.04.01/H01_1.png,non-retina,non-retina_246.png
678,rxGFP_may25/Eugene/bf_d6/pl3/Scan _MyScan_ 2019-05-31 15.58.58/F05_1.png,retina,retina_116.png
679,rxGFP_may25/Eugene/bf_d6/pl5/Scan _MyScan_ 2019-05-31 18.06.38/E03_1.png,retina,retina_193.png
680,rxGFP_may14/Eugene/BF_D6/pl1/Scan _MyScan_ 2019-05-20 23.42.46/G10_1.png,retina,retina_437.png
681,rxGFP_may14/Eugene/BF_D6/pl6/Scan _MyScan_ 2019-05-20 19.28.04/A02_1.png,retina,retina_637.png
682,rxGFP_june19/Eugene/bf_d6/pl3/Scan _MyScan_ 2019-06-25 13.12.29/B07_1.png,retina,retina_342.png
683,rxGFP_may25/Eugene/bf_d6/pl9/Scan _MyScan_ 2019-05-31 21.09.46/H04_1.png,retina,retina_321.png
684,rxGFP_may14/Eugene/BF_D6/pl2/Scan _MyScan_ 2019-05-20 23.20.21/H06_1.png,retina,retina_475.png
685,rxGFP_may14/Eugene/BF_D6/pl5/Scan _MyScan_ 2019-05-20 22.04.01/E08_1.png,retina,retina_616.png
686,rxGFP_may14/Eugene/BF_D6/pl6/Scan _MyScan_ 2019-05-20 19.28.04/C05_1.png,retina,retina_656.png
687,rxGFP_may14/Eugene/BF_D6/pl9/Scan _MyScan_ 2019-05-20 17.51.09/D04_1.png,retina,retina_831.png
688,rxGFP_may14/Eugene/BF_D6/pl3/Scan _MyScan_ 2019-05-20 22.54.10/G02_1.png,retina,retina_520.png
689,rxGFP_may14/Eugene/BF_D6/pl3/Scan _MyScan_ 2019-05-20 22.54.10/F05_1.png,retina,retina_512.png
690,rxGFP_may14/Eugene/BF_D6/pl6/Scan _MyScan_ 2019-05-20 19.28.04/E11_1.png,retina,retina_675.png
691,rxGFP_may14/Eugene/BF_D6/pl6/Scan _MyScan_ 2019-05-20 19.28.04/A12_1.png,non-retina,non-retina_256.png
692,rxGFP_may25/Eugene/bf_d6/pl9/Scan _MyScan_ 2019-05-31 21.09.46/A08_1.png,retina,retina_313.png
693,rxGFP_may25/Eugene/bf_d6/pl7/Scan _MyScan_ 2019-05-31 19.30.08/E02_1.png,retina,retina_241.png
694,rxGFP_may14/Eugene/BF_D6/pl7/Scan _MyScan_ 2019-05-20 18.51.16/E10_1.png,retina,retina_730.png
695,rxGFP_may14/Eugene/BF_D6/pl7/Scan _MyScan_ 2019-05-20 18.51.16/A12_1.png,non-retina,non-retina_270.png
696,rxGFP_may25/Eugene/bf_d6/pl1/Scan _MyScan_ 2019-05-31 14.09.29/D08_1.png,retina,retina_21.png
697,rxGFP_may14/Eugene/BF_D6/pl1/Scan _MyScan_ 2019-05-20 23.42.46/E04_1.png,retina,retina_424.png
698,rxGFP_may14/Eugene/BF_D6/pl6/Scan _MyScan_ 2019-05-20 19.28.04/F02_1.png,retina,retina_677.png
699,rxGFP_may25/Eugene/bf_d6/pl4/Scan _MyScan_ 2019-05-31 17.35.28/F06_1.png,retina,retina_160.png
700,rxGFP_may14/Eugene/BF_D6/pl2/Scan _MyScan_ 2019-05-20 23.20.21/F03_1.png,retina,retina_464.png
701,rxGFP_may25/Eugene/bf_d6/pl7/Scan _MyScan_ 2019-05-31 19.30.08/F07_1.png,retina,retina_253.png
702,rxGFP_may25/Eugene/bf_d6/pl5/Scan _MyScan_ 2019-05-31 18.06.38/D07_1.png,retina,retina_186.png
703,rxGFP_may14/Eugene/BF_D6/pl4/Scan _MyScan_ 2019-05-20 22.31.55/A03_1.png,non-retina,non-retina_213.png
704,rxGFP_may25/Eugene/bf_d6/pl5/Scan _MyScan_ 2019-05-31 18.06.38/E09_1.png,retina,retina_199.png
705,rxGFP_may14/Eugene/BF_D6/pl7/Scan _MyScan_ 2019-05-20 18.51.16/D11_1.png,retina,retina_721.png
706,rxGFP_may25/Eugene/bf_d6/pl3/Scan _MyScan_ 2019-05-31 15.58.58/B01_1.png,non-retina,non-retina_30.png
707,rxGFP_may25/Eugene/bf_d6/pl8/Scan _MyScan_ 2019-05-31 20.37.09/A02_1.png,non-retina,non-retina_85.png
708,rxGFP_may14/Eugene/BF_D6/pl4/Scan _MyScan_ 2019-05-20 22.31.55/E01_1.png,non-retina,non-retina_217.png
709,rxGFP_may25/Eugene/bf_d6/pl4/Scan _MyScan_ 2019-05-31 17.35.28/D06_1.png,retina,retina_149.png
710,rxGFP_may14/Eugene/BF_D6/pl7/Scan _MyScan_ 2019-05-20 18.51.16/G06_1.png,retina,retina_742.png
711,rxGFP_may25/Eugene/bf_d6/pl1/Scan _MyScan_ 2019-05-31 14.09.29/E07_1.png,retina,retina_28.png
712,rxGFP_may25/Eugene/bf_d6/pl4/Scan _MyScan_ 2019-05-31 17.35.28/D11_1.png,retina,retina_154.png
713,rxGFP_may25/Eugene/bf_d6/pl1/Scan _MyScan_ 2019-05-31 14.09.29/H12_1.png,non-retina,non-retina_9.png
714,rxGFP_may14/Eugene/BF_D6/pl3/Scan _MyScan_ 2019-05-20 22.54.10/H02_1.png,non-retina,non-retina_202.png
715,rxGFP_may14/Eugene/BF_D6/pl1/Scan _MyScan_ 2019-05-20 23.42.46/D03_1.png,retina,retina_418.png
716,rxGFP_may14/Eugene/BF_D6/pl4/Scan _MyScan_ 2019-05-20 22.31.55/A01_1.png,non-retina,non-retina_212.png
717,rxGFP_may25/Eugene/bf_d6/pl2/Scan _MyScan_ 2019-05-31 14.41.03/E11_1.png,retina,retina_76.png
718,rxGFP_may14/Eugene/BF_D6/pl3/Scan _MyScan_ 2019-05-20 22.54.10/C01_1.png,non-retina,non-retina_195.png
719,rxGFP_june19/Eugene/bf_d6/pl3/Scan _MyScan_ 2019-06-25 13.12.29/A03_1.png,non-retina,non-retina_122.png
720,rxGFP_may14/Eugene/BF_D6/pl6/Scan _MyScan_ 2019-05-20 19.28.04/F08_1.png,retina,retina_683.png
721,rxGFP_may14/Eugene/BF_D6/pl3/Scan _MyScan_ 2019-05-20 22.54.10/E09_1.png,retina,retina_509.png
722,rxGFP_may14/Eugene/BF_D6/pl6/Scan _MyScan_ 2019-05-20 19.28.04/D12_1.png,non-retina,non-retina_258.png
723,rxGFP_may14/Eugene/BF_D6/pl9/Scan _MyScan_ 2019-05-20 17.51.09/C07_1.png,retina,retina_824.png
724,rxGFP_may25/Eugene/bf_d6/pl4/Scan _MyScan_ 2019-05-31 17.35.28/F11_1.png,non-retina,non-retina_48.png
725,rxGFP_may14/Eugene/BF_D6/pl3/Scan _MyScan_ 2019-05-20 22.54.10/G05_1.png,retina,retina_522.png
726,rxGFP_may14/Eugene/BF_D6/pl9/Scan _MyScan_ 2019-05-20 17.51.09/D10_1.png,retina,retina_837.png
727,rxGFP_may25/Eugene/bf_d6/pl3/Scan _MyScan_ 2019-05-31 15.58.58/D06_1.png,retina,retina_103.png
728,rxGFP_may25/Eugene/bf_d6/pl8/Scan _MyScan_ 2019-05-31 20.37.09/E09_1.png,retina,retina_290.png
729,rxGFP_may14/Eugene/BF_D6/pl2/Scan _MyScan_ 2019-05-20 23.20.21/C03_1.png,retina,retina_448.png
730,rxGFP_may25/Eugene/bf_d6/pl2/Scan _MyScan_ 2019-05-31 14.41.03/F03_1.png,retina,retina_77.png
731,rxGFP_may25/Eugene/bf_d6/pl4/Scan _MyScan_ 2019-05-31 17.35.28/B07_1.png,retina,retina_135.png
732,rxGFP_may14/Eugene/BF_D6/pl2/Scan _MyScan_ 2019-05-20 23.20.21/F09_1.png,retina,retina_467.png
733,rxGFP_june19/Eugene/bf_d6/pl6/Scan _MyScan_ 2019-06-25 15.19.18/A03_1.png,non-retina,non-retina_138.png
734,rxGFP_may25/Eugene/bf_d6/pl1/Scan _MyScan_ 2019-05-31 14.09.29/G06_1.png,retina,retina_44.png
735,rxGFP_may25/Eugene/bf_d6/pl8/Scan _MyScan_ 2019-05-31 20.37.09/F10_1.png,retina,retina_298.png
736,rxGFP_may25/Eugene/bf_d6/pl4/Scan _MyScan_ 2019-05-31 17.35.28/F03_1.png,retina,retina_158.png
737,rxGFP_may14/Eugene/BF_D6/pl5/Scan _MyScan_ 2019-05-20 22.04.01/B12_1.png,non-retina,non-retina_239.png
738,rxGFP_may25/Eugene/bf_d6/pl4/Scan _MyScan_ 2019-05-31 17.35.28/B12_1.png,non-retina,non-retina_40.png
739,rxGFP_may14/Eugene/BF_D6/pl9/Scan _MyScan_ 2019-05-20 17.51.09/G03_1.png,retina,retina_861.png
740,rxGFP_may14/Eugene/BF_D6/pl6/Scan _MyScan_ 2019-05-20 19.28.04/A06_1.png,retina,retina_640.png
741,rxGFP_may14/Eugene/BF_D6/pl6/Scan _MyScan_ 2019-05-20 19.28.04/E10_1.png,retina,retina_674.png
742,rxGFP_may25/Eugene/bf_d6/pl1/Scan _MyScan_ 2019-05-31 14.09.29/F05_1.png,retina,retina_36.png
743,rxGFP_may14/Eugene/BF_D6/pl6/Scan _MyScan_ 2019-05-20 19.28.04/B04_1.png,retina,retina_646.png
744,rxGFP_may14/Eugene/BF_D6/pl4/Scan _MyScan_ 2019-05-20 22.31.55/C02_1.png,retina,retina_545.png
745,rxGFP_june19/Eugene/bf_d6/pl2/Scan _MyScan_ 2019-06-25 12.27.40/H12_1.png,non-retina,non-retina_120.png
746,rxGFP_may25/Eugene/bf_d6/pl5/Scan _MyScan_ 2019-05-31 18.06.38/C12_1.png,retina,retina_180.png
747,rxGFP_may14/Eugene/BF_D6/pl9/Scan _MyScan_ 2019-05-20 17.51.09/A03_1.png,non-retina,non-retina_304.png
748,rxGFP_may25/Eugene/bf_d6/pl3/Scan _MyScan_ 2019-05-31 15.58.58/C08_1.png,retina,retina_98.png
749,rxGFP_may14/Eugene/BF_D6/pl4/Scan _MyScan_ 2019-05-20 22.31.55/H12_1.png,non-retina,non-retina_230.png
750,rxGFP_may25/Eugene/bf_d6/pl5/Scan _MyScan_ 2019-05-31 18.06.38/B06_1.png,retina,retina_165.png
751,rxGFP_june19/Eugene/bf_d6/pl2/Scan _MyScan_ 2019-06-25 12.27.40/C07_1.png,non-retina,non-retina_108.png
752,rxGFP_may14/Eugene/BF_D6/pl9/Scan _MyScan_ 2019-05-20 17.51.09/E01_1.png,retina,retina_839.png
753,rxGFP_may14/Eugene/BF_D6/pl5/Scan _MyScan_ 2019-05-20 22.04.01/D07_1.png,retina,retina_606.png
754,rxGFP_may25/Eugene/bf_d6/pl3/Scan _MyScan_ 2019-05-31 15.58.58/B06_1.png,retina,retina_91.png
755,rxGFP_may25/Eugene/bf_d6/pl7/Scan _MyScan_ 2019-05-31 19.30.08/C06_1.png,retina,retina_228.png
756,rxGFP_may25/Eugene/bf_d6/pl1/Scan _MyScan_ 2019-05-31 14.09.29/F02_1.png,retina,retina_33.png
757,rxGFP_june19/Eugene/bf_d6/pl3/Scan _MyScan_ 2019-06-25 13.12.29/E02_1.png,retina,retina_349.png
758,rxGFP_may14/Eugene/BF_D6/pl1/Scan _MyScan_ 2019-05-20 23.42.46/A10_1.png,non-retina,non-retina_154.png
759,rxGFP_may25/Eugene/bf_d6/pl2/Scan _MyScan_ 2019-05-31 14.41.03/C09_1.png,retina,retina_60.png
760,rxGFP_may25/Eugene/bf_d6/pl8/Scan _MyScan_ 2019-05-31 20.37.09/E11_1.png,retina,retina_292.png
761,rxGFP_may25/Eugene/bf_d6/pl2/Scan _MyScan_ 2019-05-31 14.41.03/G10_1.png,retina,retina_88.png
762,rxGFP_may14/Eugene/BF_D6/pl7/Scan _MyScan_ 2019-05-20 18.51.16/A04_1.png,retina,retina_691.png
763,rxGFP_may14/Eugene/BF_D6/pl9/Scan _MyScan_ 2019-05-20 17.51.09/G06_1.png,retina,retina_864.png
764,rxGFP_may25/Eugene/bf_d6/pl8/Scan _MyScan_ 2019-05-31 20.37.09/D08_1.png,retina,retina_282.png
765,rxGFP_may25/Eugene/bf_d6/pl3/Scan _MyScan_ 2019-05-31 15.58.58/D11_1.png,retina,retina_107.png
766,rxGFP_may25/Eugene/bf_d6/pl3/Scan _MyScan_ 2019-05-31 15.58.58/B07_1.png,retina,retina_92.png
767,rxGFP_may14/Eugene/BF_D6/pl5/Scan _MyScan_ 2019-05-20 22.04.01/C06_1.png,retina,retina_596.png
768,rxGFP_may25/Eugene/bf_d6/pl1/Scan _MyScan_ 2019-05-31 14.09.29/C03_1.png,retina,retina_8.png
769,rxGFP_may14/Eugene/BF_D6/pl9/Scan _MyScan_ 2019-05-20 17.51.09/A02_1.png,non-retina,non-retina_303.png
770,rxGFP_may25/Eugene/bf_d6/pl8/Scan _MyScan_ 2019-05-31 20.37.09/G05_1.png,retina,retina_303.png
771,rxGFP_may14/Eugene/BF_D6/pl3/Scan _MyScan_ 2019-05-20 22.54.10/H04_1.png,non-retina,non-retina_203.png
772,rxGFP_june19/Eugene/bf_d6/pl5/Scan _MyScan_ 2019-06-25 14.52.10/A01_1.png,retina,retina_370.png
773,rxGFP_may25/Eugene/bf_d6/pl4/Scan _MyScan_ 2019-05-31 17.35.28/H01_1.png,non-retina,non-retina_52.png
774,rxGFP_may25/Eugene/bf_d6/pl4/Scan _MyScan_ 2019-05-31 17.35.28/B04_1.png,retina,retina_132.png
775,rxGFP_may14/Eugene/BF_D6/pl4/Scan _MyScan_ 2019-05-20 22.31.55/A07_1.png,retina,retina_532.png
776,rxGFP_may14/Eugene/BF_D6/pl2/Scan _MyScan_ 2019-05-20 23.20.21/B09_1.png,retina,retina_447.png
777,rxGFP_may25/Eugene/bf_d6/pl8/Scan _MyScan_ 2019-05-31 20.37.09/F09_1.png,retina,retina_297.png
778,rxGFP_may25/Eugene/bf_d6/pl9/Scan _MyScan_ 2019-05-31 21.09.46/B05_1.png,retina,retina_314.png
779,rxGFP_june19/Eugene/bf_d6/pl7/Scan _MyScan_ 2019-06-25 16.41.15/D04_1.png,retina,retina_397.png
780,rxGFP_may14/Eugene/BF_D6/pl7/Scan _MyScan_ 2019-05-20 18.51.16/B10_1.png,retina,retina_700.png
781,rxGFP_may25/Eugene/bf_d6/pl3/Scan _MyScan_ 2019-05-31 15.58.58/G11_1.png,retina,retina_125.png
782,rxGFP_may14/Eugene/BF_D6/pl9/Scan _MyScan_ 2019-05-20 17.51.09/F06_1.png,retina,retina_854.png
783,rxGFP_may14/Eugene/BF_D6/pl5/Scan _MyScan_ 2019-05-20 22.04.01/B08_1.png,retina,retina_591.png
784,rxGFP_june19/Eugene/bf_d6/pl4/Scan _MyScan_ 2019-06-25 14.22.18/H06_1.png,non-retina,non-retina_133.png
785,rxGFP_may14/Eugene/BF_D6/pl4/Scan _MyScan_ 2019-05-20 22.31.55/F05_1.png,retina,retina_571.png
786,rxGFP_may25/Eugene/bf_d6/pl4/Scan _MyScan_ 2019-05-31 17.35.28/F09_1.png,non-retina,non-retina_47.png
787,rxGFP_may14/Eugene/BF_D6/pl4/Scan _MyScan_ 2019-05-20 22.31.55/B12_1.png,retina,retina_544.png
788,rxGFP_may25/Eugene/bf_d6/pl7/Scan _MyScan_ 2019-05-31 19.30.08/E06_1.png,retina,retina_245.png
789,rxGFP_june19/Eugene/bf_d6/pl2/Scan _MyScan_ 2019-06-25 12.27.40/E09_1.png,non-retina,non-retina_113.png
790,rxGFP_may25/Eugene/bf_d6/pl5/Scan _MyScan_ 2019-05-31 18.06.38/A07_1.png,non-retina,non-retina_63.png
791,rxGFP_may14/Eugene/BF_D6/pl7/Scan _MyScan_ 2019-05-20 18.51.16/D03_1.png,retina,retina_714.png
792,rxGFP_may25/Eugene/bf_d6/pl1/Scan _MyScan_ 2019-05-31 14.09.29/E08_1.png,retina,retina_29.png
793,rxGFP_may25/Eugene/bf_d6/pl7/Scan _MyScan_ 2019-05-31 19.30.08/G11_1.png,retina,retina_265.png
794,rxGFP_may14/Eugene/BF_D6/pl4/Scan _MyScan_ 2019-05-20 22.31.55/H02_1.png,non-retina,non-retina_221.png
795,rxGFP_may14/Eugene/BF_D6/pl3/Scan _MyScan_ 2019-05-20 22.54.10/H08_1.png,non-retina,non-retina_207.png
796,rxGFP_may25/Eugene/bf_d6/pl8/Scan _MyScan_ 2019-05-31 20.37.09/B03_1.png,retina,retina_266.png
797,rxGFP_may14/Eugene/BF_D6/pl8/Scan _MyScan_ 2019-05-20 18.20.51/G04_1.png,retina,retina_802.png
798,rxGFP_may14/Eugene/BF_D6/pl4/Scan _MyScan_ 2019-05-20 22.31.55/B04_1.png,retina,retina_537.png
799,rxGFP_may25/Eugene/bf_d6/pl6/Scan _MyScan_ 2019-05-31 18.55.08/H02_1.png,non-retina,non-retina_67.png
800,rxGFP_may25/Eugene/bf_d6/pl7/Scan _MyScan_ 2019-05-31 19.30.08/F04_1.png,retina,retina_251.png
801,rxGFP_may14/Eugene/BF_D6/pl8/Scan _MyScan_ 2019-05-20 18.20.51/E11_1.png,retina,retina_790.png
802,rxGFP_may25/Eugene/bf_d6/pl2/Scan _MyScan_ 2019-05-31 14.41.03/H11_1.png,non-retina,non-retina_21.png
803,rxGFP_may14/Eugene/BF_D6/pl4/Scan _MyScan_ 2019-05-20 22.31.55/G07_1.png,retina,retina_581.png
804,rxGFP_may25/Eugene/bf_d6/pl2/Scan _MyScan_ 2019-05-31 14.41.03/E09_1.png,retina,retina_74.png
805,rxGFP_may14/Eugene/BF_D6/pl5/Scan _MyScan_ 2019-05-20 22.04.01/B01_1.png,non-retina,non-retina_238.png
806,rxGFP_june19/Eugene/bf_d6/pl5/Scan _MyScan_ 2019-06-25 14.52.10/C12_1.png,retina,retina_374.png
807,rxGFP_may14/Eugene/BF_D6/pl8/Scan _MyScan_ 2019-05-20 18.20.51/G06_1.png,retina,retina_804.png
808,rxGFP_may25/Eugene/bf_d6/pl2/Scan _MyScan_ 2019-05-31 14.41.03/H02_1.png,non-retina,non-retina_18.png
809,rxGFP_may14/Eugene/BF_D6/pl2/Scan _MyScan_ 2019-05-20 23.20.21/B11_1.png,non-retina,non-retina_174.png
810,rxGFP_may25/Eugene/bf_d6/pl8/Scan _MyScan_ 2019-05-31 20.37.09/G02_1.png,retina,retina_300.png
811,rxGFP_june19/Eugene/bf_d6/pl6/Scan _MyScan_ 2019-06-25 15.19.18/E03_1.png,retina,retina_382.png
812,rxGFP_may14/Eugene/BF_D6/pl1/Scan _MyScan_ 2019-05-20 23.42.46/G02_1.png,retina,retina_432.png
813,rxGFP_may25/Eugene/bf_d6/pl7/Scan _MyScan_ 2019-05-31 19.30.08/B01_1.png,non-retina,non-retina_78.png
814,rxGFP_may14/Eugene/BF_D6/pl4/Scan _MyScan_ 2019-05-20 22.31.55/G11_1.png,retina,retina_584.png
815,rxGFP_may14/Eugene/BF_D6/pl1/Scan _MyScan_ 2019-05-20 23.42.46/C07_1.png,retina,retina_415.png
816,rxGFP_may14/Eugene/BF_D6/pl6/Scan _MyScan_ 2019-05-20 19.28.04/B10_1.png,retina,retina_651.png
817,rxGFP_may14/Eugene/BF_D6/pl8/Scan _MyScan_ 2019-05-20 18.20.51/H06_1.png,non-retina,non-retina_295.png
818,rxGFP_may25/Eugene/bf_d6/pl3/Scan _MyScan_ 2019-05-31 15.58.58/C11_1.png,retina,retina_100.png
819,rxGFP_june19/Eugene/bf_d6/pl6/Scan _MyScan_ 2019-06-25 15.19.18/C11_1.png,retina,retina_379.png
820,rxGFP_may25/Eugene/bf_d6/pl5/Scan _MyScan_ 2019-05-31 18.06.38/G10_1.png,retina,retina_215.png
821,rxGFP_may14/Eugene/BF_D6/pl3/Scan _MyScan_ 2019-05-20 22.54.10/G03_1.png,retina,retina_521.png
822,rxGFP_june19/Eugene/bf_d6/pl3/Scan _MyScan_ 2019-06-25 13.12.29/C03_1.png,retina,retina_344.png
823,rxGFP_may25/Eugene/bf_d6/pl4/Scan _MyScan_ 2019-05-31 17.35.28/D10_1.png,retina,retina_153.png
824,rxGFP_may14/Eugene/BF_D6/pl8/Scan _MyScan_ 2019-05-20 18.20.51/C06_1.png,retina,retina_767.png
825,rxGFP_may14/Eugene/BF_D6/pl1/Scan _MyScan_ 2019-05-20 23.42.46/F04_1.png,retina,retina_430.png
826,rxGFP_may14/Eugene/BF_D6/pl8/Scan _MyScan_ 2019-05-20 18.20.51/D02_1.png,retina,retina_772.png
827,rxGFP_may14/Eugene/BF_D6/pl5/Scan _MyScan_ 2019-05-20 22.04.01/F12_1.png,retina,retina_630.png
828,rxGFP_may25/Eugene/bf_d6/pl8/Scan _MyScan_ 2019-05-31 20.37.09/D09_1.png,retina,retina_283.png
829,rxGFP_may14/Eugene/BF_D6/pl1/Scan _MyScan_ 2019-05-20 23.42.46/H08_1.png,retina,retina_441.png
830,rxGFP_may14/Eugene/BF_D6/pl9/Scan _MyScan_ 2019-05-20 17.51.09/G12_1.png,retina,retina_870.png
831,rxGFP_may14/Eugene/BF_D6/pl1/Scan _MyScan_ 2019-05-20 23.42.46/C05_1.png,retina,retina_413.png
832,rxGFP_may14/Eugene/BF_D6/pl5/Scan _MyScan_ 2019-05-20 22.04.01/H12_1.png,non-retina,non-retina_254.png
833,rxGFP_may25/Eugene/bf_d6/pl5/Scan _MyScan_ 2019-05-31 18.06.38/F03_1.png,retina,retina_202.png
834,rxGFP_may14/Eugene/BF_D6/pl5/Scan _MyScan_ 2019-05-20 22.04.01/D09_1.png,retina,retina_608.png
835,rxGFP_june19/Eugene/bf_d6/pl1/Scan _MyScan_ 2019-06-25 11.50.56/A01_1.png,non-retina,non-retina_100.png
836,rxGFP_may14/Eugene/BF_D6/pl2/Scan _MyScan_ 2019-05-20 23.20.21/G01_1.png,non-retina,non-retina_182.png
837,rxGFP_may14/Eugene/BF_D6/pl2/Scan _MyScan_ 2019-05-20 23.20.21/F06_1.png,retina,retina_466.png
838,rxGFP_may14/Eugene/BF_D6/pl7/Scan _MyScan_ 2019-05-20 18.51.16/D01_1.png,retina,retina_712.png
839,rxGFP_may25/Eugene/bf_d6/pl8/Scan _MyScan_ 2019-05-31 20.37.09/G09_1.png,retina,retina_307.png
840,rxGFP_may25/Eugene/bf_d6/pl8/Scan _MyScan_ 2019-05-31 20.37.09/H01_1.png,non-retina,non-retina_97.png
841,rxGFP_may25/Eugene/bf_d6/pl5/Scan _MyScan_ 2019-05-31 18.06.38/F09_1.png,retina,retina_208.png
842,rxGFP_may25/Eugene/bf_d6/pl3/Scan _MyScan_ 2019-05-31 15.58.58/A02_1.png,non-retina,non-retina_23.png
843,rxGFP_may14/Eugene/BF_D6/pl9/Scan _MyScan_ 2019-05-20 17.51.09/G08_1.png,retina,retina_866.png
844,rxGFP_june19/Eugene/bf_d6/pl5/Scan _MyScan_ 2019-06-25 14.52.10/E12_1.png,retina,retina_375.png
845,rxGFP_may25/Eugene/bf_d6/pl5/Scan _MyScan_ 2019-05-31 18.06.38/D11_1.png,retina,retina_190.png
846,rxGFP_may14/Eugene/BF_D6/pl9/Scan _MyScan_ 2019-05-20 17.51.09/H03_1.png,retina,retina_872.png
847,rxGFP_may14/Eugene/BF_D6/pl9/Scan _MyScan_ 2019-05-20 17.51.09/C02_1.png,retina,retina_819.png
848,rxGFP_may14/Eugene/BF_D6/pl9/Scan _MyScan_ 2019-05-20 17.51.09/B04_1.png,retina,retina_811.png
849,rxGFP_may25/Eugene/bf_d6/pl1/Scan _MyScan_ 2019-05-31 14.09.29/H03_1.png,retina,retina_47.png
850,rxGFP_june19/Eugene/bf_d6/pl1/Scan _MyScan_ 2019-06-25 11.50.56/A12_1.png,non-retina,non-retina_101.png
851,rxGFP_may14/Eugene/BF_D6/pl5/Scan _MyScan_ 2019-05-20 22.04.01/E11_1.png,retina,retina_619.png
852,rxGFP_may25/Eugene/bf_d6/pl5/Scan _MyScan_ 2019-05-31 18.06.38/E02_1.png,retina,retina_192.png
853,rxGFP_may14/Eugene/BF_D6/pl6/Scan _MyScan_ 2019-05-20 19.28.04/D10_1.png,retina,retina_666.png
854,rxGFP_may14/Eugene/BF_D6/pl7/Scan _MyScan_ 2019-05-20 18.51.16/A07_1.png,retina,retina_692.png
855,rxGFP_may25/Eugene/bf_d6/pl8/Scan _MyScan_ 2019-05-31 20.37.09/H12_1.png,non-retina,non-retina_98.png
856,rxGFP_may14/Eugene/BF_D6/pl9/Scan _MyScan_ 2019-05-20 17.51.09/B03_1.png,retina,retina_810.png
857,rxGFP_june19/Eugene/bf_d6/pl6/Scan _MyScan_ 2019-06-25 15.19.18/D10_1.png,non-retina,non-retina_139.png
858,rxGFP_may14/Eugene/BF_D6/pl6/Scan _MyScan_ 2019-05-20 19.28.04/E04_1.png,retina,retina_669.png
859,rxGFP_may25/Eugene/bf_d6/pl4/Scan _MyScan_ 2019-05-31 17.35.28/A09_1.png,retina,retina_131.png
860,rxGFP_may14/Eugene/BF_D6/pl1/Scan _MyScan_ 2019-05-20 23.42.46/B08_1.png,retina,retina_407.png
861,rxGFP_may25/Eugene/bf_d6/pl8/Scan _MyScan_ 2019-05-31 20.37.09/B01_1.png,non-retina,non-retina_96.png
862,rxGFP_may14/Eugene/BF_D6/pl2/Scan _MyScan_ 2019-05-20 23.20.21/D10_1.png,retina,retina_458.png
863,rxGFP_may25/Eugene/bf_d6/pl2/Scan _MyScan_ 2019-05-31 14.41.03/D10_1.png,retina,retina_68.png
864,rxGFP_may25/Eugene/bf_d6/pl9/Scan _MyScan_ 2019-05-31 21.09.46/G02_1.png,retina,retina_319.png
865,rxGFP_may14/Eugene/BF_D6/pl1/Scan _MyScan_ 2019-05-20 23.42.46/A11_1.png,non-retina,non-retina_155.png
866,rxGFP_may25/Eugene/bf_d6/pl7/Scan _MyScan_ 2019-05-31 19.30.08/G10_1.png,retina,retina_264.png
867,rxGFP_may25/Eugene/bf_d6/pl5/Scan _MyScan_ 2019-05-31 18.06.38/H06_1.png,retina,retina_218.png
868,rxGFP_may14/Eugene/BF_D6/pl3/Scan _MyScan_ 2019-05-20 22.54.10/D03_1.png,retina,retina_495.png
869,rxGFP_may14/Eugene/BF_D6/pl4/Scan _MyScan_ 2019-05-20 22.31.55/E09_1.png,retina,retina_568.png
870,rxGFP_may14/Eugene/BF_D6/pl1/Scan _MyScan_ 2019-05-20 23.42.46/C04_1.png,retina,retina_412.png
871,rxGFP_may14/Eugene/BF_D6/pl3/Scan _MyScan_ 2019-05-20 22.54.10/B04_1.png,retina,retina_480.png
872,rxGFP_may25/Eugene/bf_d6/pl4/Scan _MyScan_ 2019-05-31 17.35.28/F01_1.png,non-retina,non-retina_46.png
873,rxGFP_may14/Eugene/BF_D6/pl6/Scan _MyScan_ 2019-05-20 19.28.04/E06_1.png,retina,retina_671.png
874,rxGFP_june19/Eugene/bf_d6/pl1/Scan _MyScan_ 2019-06-25 11.50.56/E10_1.png,retina,retina_330.png
875,rxGFP_may14/Eugene/BF_D6/pl3/Scan _MyScan_ 2019-05-20 22.54.10/D02_1.png,retina,retina_494.png
876,rxGFP_may14/Eugene/BF_D6/pl7/Scan _MyScan_ 2019-05-20 18.51.16/D07_1.png,retina,retina_717.png
877,rxGFP_may14/Eugene/BF_D6/pl7/Scan _MyScan_ 2019-05-20 18.51.16/F04_1.png,retina,retina_732.png
878,rxGFP_may14/Eugene/BF_D6/pl5/Scan _MyScan_ 2019-05-20 22.04.01/D08_1.png,retina,retina_607.png
879,rxGFP_may25/Eugene/bf_d6/pl4/Scan _MyScan_ 2019-05-31 17.35.28/H07_1.png,non-retina,non-retina_54.png
880,rxGFP_may14/Eugene/BF_D6/pl7/Scan _MyScan_ 2019-05-20 18.51.16/C03_1.png,retina,retina_703.png
881,rxGFP_may25/Eugene/bf_d6/pl4/Scan _MyScan_ 2019-05-31 17.35.28/B08_1.png,retina,retina_136.png
882,rxGFP_may14/Eugene/BF_D6/pl9/Scan _MyScan_ 2019-05-20 17.51.09/G04_1.png,retina,retina_862.png
883,rxGFP_may14/Eugene/BF_D6/pl9/Scan _MyScan_ 2019-05-20 17.51.09/F04_1.png,retina,retina_852.png
884,rxGFP_may14/Eugene/BF_D6/pl8/Scan _MyScan_ 2019-05-20 18.20.51/F11_1.png,retina,retina_800.png
885,rxGFP_may14/Eugene/BF_D6/pl2/Scan _MyScan_ 2019-05-20 23.20.21/H09_1.png,non-retina,non-retina_188.png
886,rxGFP_june19/Eugene/bf_d6/pl3/Scan _MyScan_ 2019-06-25 13.12.29/C06_1.png,retina,retina_345.png
887,rxGFP_may14/Eugene/BF_D6/pl8/Scan _MyScan_ 2019-05-20 18.20.51/A02_1.png,non-retina,non-retina_286.png
888,rxGFP_may14/Eugene/BF_D6/pl2/Scan _MyScan_ 2019-05-20 23.20.21/C12_1.png,non-retina,non-retina_177.png
889,rxGFP_may25/Eugene/bf_d6/pl3/Scan _MyScan_ 2019-05-31 15.58.58/H07_1.png,retina,retina_128.png
890,rxGFP_may14/Eugene/BF_D6/pl7/Scan _MyScan_ 2019-05-20 18.51.16/B03_1.png,retina,retina_695.png
891,rxGFP_may14/Eugene/BF_D6/pl5/Scan _MyScan_ 2019-05-20 22.04.01/G04_1.png,retina,retina_632.png
892,rxGFP_june19/Eugene/bf_d6/pl1/Scan _MyScan_ 2019-06-25 11.50.56/C01_1.png,retina,retina_324.png
893,rxGFP_may25/Eugene/bf_d6/pl3/Scan _MyScan_ 2019-05-31 15.58.58/G10_1.png,retina,retina_124.png
894,rxGFP_may14/Eugene/BF_D6/pl5/Scan _MyScan_ 2019-05-20 22.04.01/B07_1.png,retina,retina_590.png
895,rxGFP_may14/Eugene/BF_D6/pl3/Scan _MyScan_ 2019-05-20 22.54.10/B07_1.png,retina,retina_483.png
896,rxGFP_may25/Eugene/bf_d6/pl2/Scan _MyScan_ 2019-05-31 14.41.03/H01_1.png,non-retina,non-retina_17.png
897,rxGFP_may25/Eugene/bf_d6/pl7/Scan _MyScan_ 2019-05-31 19.30.08/C07_1.png,retina,retina_229.png
898,rxGFP_june19/Eugene/bf_d6/pl2/Scan _MyScan_ 2019-06-25 12.27.40/C12_1.png,retina,retina_337.png
899,rxGFP_may14/Eugene/BF_D6/pl5/Scan _MyScan_ 2019-05-20 22.04.01/D11_1.png,retina,retina_610.png
900,rxGFP_may14/Eugene/BF_D6/pl9/Scan _MyScan_ 2019-05-20 17.51.09/D02_1.png,retina,retina_829.png
901,rxGFP_may14/Eugene/BF_D6/pl6/Scan _MyScan_ 2019-05-20 19.28.04/A03_1.png,retina,retina_638.png
902,rxGFP_may14/Eugene/BF_D6/pl1/Scan _MyScan_ 2019-05-20 23.42.46/G04_1.png,retina,retina_434.png
903,rxGFP_may14/Eugene/BF_D6/pl3/Scan _MyScan_ 2019-05-20 22.54.10/F04_1.png,retina,retina_511.png
904,rxGFP_may25/Eugene/bf_d6/pl7/Scan _MyScan_ 2019-05-31 19.30.08/G01_1.png,retina,retina_258.png
905,rxGFP_may14/Eugene/BF_D6/pl7/Scan _MyScan_ 2019-05-20 18.51.16/G05_1.png,retina,retina_741.png
906,rxGFP_may14/Eugene/BF_D6/pl1/Scan _MyScan_ 2019-05-20 23.42.46/C12_1.png,non-retina,non-retina_157.png
907,rxGFP_may25/Eugene/bf_d6/pl7/Scan _MyScan_ 2019-05-31 19.30.08/G04_1.png,retina,retina_260.png
908,rxGFP_may25/Eugene/bf_d6/pl7/Scan _MyScan_ 2019-05-31 19.30.08/D10_1.png,retina,retina_238.png
909,rxGFP_may14/Eugene/BF_D6/pl8/Scan _MyScan_ 2019-05-20 18.20.51/H08_1.png,non-retina,non-retina_297.png
910,rxGFP_may14/Eugene/BF_D6/pl4/Scan _MyScan_ 2019-05-20 22.31.55/D10_1.png,retina,retina_560.png
911,rxGFP_may14/Eugene/BF_D6/pl3/Scan _MyScan_ 2019-05-20 22.54.10/A02_1.png,non-retina,non-retina_193.png
912,rxGFP_may14/Eugene/BF_D6/pl6/Scan _MyScan_ 2019-05-20 19.28.04/D08_1.png,retina,retina_665.png
913,rxGFP_may25/Eugene/bf_d6/pl5/Scan _MyScan_ 2019-05-31 18.06.38/B08_1.png,retina,retina_167.png
914,rxGFP_may25/Eugene/bf_d6/pl7/Scan _MyScan_ 2019-05-31 19.30.08/B11_1.png,retina,retina_223.png
915,rxGFP_may14/Eugene/BF_D6/pl1/Scan _MyScan_ 2019-05-20 23.42.46/G08_1.png,retina,retina_436.png
916,rxGFP_may25/Eugene/bf_d6/pl5/Scan _MyScan_ 2019-05-31 18.06.38/B07_1.png,retina,retina_166.png
917,rxGFP_may25/Eugene/bf_d6/pl7/Scan _MyScan_ 2019-05-31 19.30.08/C08_1.png,retina,retina_230.png
918,rxGFP_may25/Eugene/bf_d6/pl4/Scan _MyScan_ 2019-05-31 17.35.28/B01_1.png,non-retina,non-retina_39.png
919,rxGFP_may25/Eugene/bf_d6/pl7/Scan _MyScan_ 2019-05-31 19.30.08/E05_1.png,retina,retina_244.png
920,rxGFP_may25/Eugene/bf_d6/pl5/Scan _MyScan_ 2019-05-31 18.06.38/B12_1.png,retina,retina_171.png
921,rxGFP_may14/Eugene/BF_D6/pl6/Scan _MyScan_ 2019-05-20 19.28.04/C06_1.png,retina,retina_657.png
922,rxGFP_may25/Eugene/bf_d6/pl5/Scan _MyScan_ 2019-05-31 18.06.38/D08_1.png,retina,retina_187.png
923,rxGFP_may14/Eugene/BF_D6/pl2/Scan _MyScan_ 2019-05-20 23.20.21/H10_1.png,non-retina,non-retina_189.png
924,rxGFP_may25/Eugene/bf_d6/pl1/Scan _MyScan_ 2019-05-31 14.09.29/B02_1.png,non-retina,non-retina_3.png
925,rxGFP_may14/Eugene/BF_D6/pl6/Scan _MyScan_ 2019-05-20 19.28.04/H11_1.png,non-retina,non-retina_266.png
926,rxGFP_may25/Eugene/bf_d6/pl4/Scan _MyScan_ 2019-05-31 17.35.28/E06_1.png,retina,retina_156.png
927,rxGFP_may14/Eugene/BF_D6/pl7/Scan _MyScan_ 2019-05-20 18.51.16/H05_1.png,non-retina,non-retina_279.png
928,rxGFP_may14/Eugene/BF_D6/pl3/Scan _MyScan_ 2019-05-20 22.54.10/D09_1.png,retina,retina_501.png
929,rxGFP_may25/Eugene/bf_d6/pl2/Scan _MyScan_ 2019-05-31 14.41.03/A07_1.png,non-retina,non-retina_12.png
930,rxGFP_may25/Eugene/bf_d6/pl5/Scan _MyScan_ 2019-05-31 18.06.38/A03_1.png,non-retina,non-retina_59.png
931,rxGFP_june19/Eugene/bf_d6/pl5/Scan _MyScan_ 2019-06-25 14.52.10/D10_1.png,non-retina,non-retina_136.png
932,rxGFP_may25/Eugene/bf_d6/pl1/Scan _MyScan_ 2019-05-31 14.09.29/B11_1.png,retina,retina_7.png
933,rxGFP_may14/Eugene/BF_D6/pl7/Scan _MyScan_ 2019-05-20 18.51.16/E11_1.png,retina,retina_731.png
934,rxGFP_may25/Eugene/bf_d6/pl7/Scan _MyScan_ 2019-05-31 19.30.08/E04_1.png,retina,retina_243.png
935,rxGFP_may14/Eugene/BF_D6/pl5/Scan _MyScan_ 2019-05-20 22.04.01/H09_1.png,non-retina,non-retina_251.png
936,rxGFP_may14/Eugene/BF_D6/pl7/Scan _MyScan_ 2019-05-20 18.51.16/H07_1.png,non-retina,non-retina_281.png
937,rxGFP_may25/Eugene/bf_d6/pl4/Scan _MyScan_ 2019-05-31 17.35.28/C08_1.png,retina,retina_144.png
938,rxGFP_may14/Eugene/BF_D6/pl7/Scan _MyScan_ 2019-05-20 18.51.16/H11_1.png,non-retina,non-retina_283.png
939,rxGFP_may25/Eugene/bf_d6/pl1/Scan _MyScan_ 2019-05-31 14.09.29/F03_1.png,retina,retina_34.png
940,rxGFP_may14/Eugene/BF_D6/pl4/Scan _MyScan_ 2019-05-20 22.31.55/D03_1.png,retina,retina_554.png
941,rxGFP_may25/Eugene/bf_d6/pl6/Scan _MyScan_ 2019-05-31 18.55.08/D12_1.png,non-retina,non-retina_66.png
942,rxGFP_may14/Eugene/BF_D6/pl6/Scan _MyScan_ 2019-05-20 19.28.04/G09_1.png,retina,retina_689.png
943,rxGFP_may25/Eugene/bf_d6/pl5/Scan _MyScan_ 2019-05-31 18.06.38/E07_1.png,retina,retina_197.png
944,rxGFP_june19/Eugene/bf_d6/pl5/Scan _MyScan_ 2019-06-25 14.52.10/G02_1.png,retina,retina_376.png
945,rxGFP_may25/Eugene/bf_d6/pl4/Scan _MyScan_ 2019-05-31 17.35.28/C10_1.png,retina,retina_146.png
946,rxGFP_may14/Eugene/BF_D6/pl7/Scan _MyScan_ 2019-05-20 18.51.16/C07_1.png,retina,retina_707.png
947,rxGFP_may25/Eugene/bf_d6/pl5/Scan _MyScan_ 2019-05-31 18.06.38/G08_1.png,retina,retina_213.png
948,rxGFP_may25/Eugene/bf_d6/pl3/Scan _MyScan_ 2019-05-31 15.58.58/C03_1.png,retina,retina_94.png
949,rxGFP_may14/Eugene/BF_D6/pl7/Scan _MyScan_ 2019-05-20 18.51.16/H06_1.png,non-retina,non-retina_280.png
950,rxGFP_may14/Eugene/BF_D6/pl9/Scan _MyScan_ 2019-05-20 17.51.09/B09_1.png,retina,retina_816.png
